,Unnamed: 0,Date,NumRides,TotalMinutes,MinCategorize
0,0,1/1/2014,359,16462,15000 to 24999
1,1,1/1/2015,181,6382,4000 to 7499
2,2,1/1/2016,98,4039,4000 to 7499
3,3,1/10/2014,983,13948,10000 to 14999
4,4,1/10/2015,362,14389,10000 to 14999
5,5,1/10/2016,133,3504,2000 to 3999
6,6,1/11/2014,247,12293,10000 to 14999
7,7,1/11/2015,327,9229,7500 to 9999
8,8,1/11/2016,1060,10649,10000 to 14999
9,9,1/12/2014,351,16102,15000 to 24999
10,10,1/12/2015,1344,14025,10000 to 14999
11,11,1/12/2016,1090,12543,10000 to 14999
12,12,1/13/2014,1015,15798,15000 to 24999
13,13,1/13/2015,1368,15812,15000 to 24999
14,14,1/13/2016,1033,10033,10000 to 14999
15,15,1/14/2014,1027,12268,10000 to 14999
16,16,1/14/2015,1296,14767,10000 to 14999
17,17,1/14/2016,838,10666,10000 to 14999
18,18,1/15/2014,1100,12704,10000 to 14999
19,19,1/15/2015,1229,14341,10000 to 14999
20,20,1/15/2016,966,9568,7500 to 9999
21,21,1/16/2014,1097,17151,15000 to 24999
22,22,1/16/2015,1082,19387,15000 to 24999
23,23,1/16/2016,162,3083,2000 to 3999
24,24,1/17/2014,1014,13937,10000 to 14999
25,25,1/17/2015,319,11673,10000 to 14999
26,26,1/17/2016,104,2110,2000 to 3999
27,27,1/18/2014,443,16437,15000 to 24999
28,28,1/18/2015,275,11394,10000 to 14999
29,29,1/18/2016,417,6152,4000 to 7499
30,30,1/19/2014,397,13830,10000 to 14999
31,31,1/19/2015,619,7825,7500 to 9999
32,32,1/19/2016,593,13101,10000 to 14999
33,33,1/2/2014,767,12021,10000 to 14999
34,34,1/2/2015,428,15441,15000 to 24999
35,35,1/2/2016,154,4783,4000 to 7499
36,36,1/20/2014,615,10972,10000 to 14999
37,37,1/20/2015,1213,11352,10000 to 14999
38,38,1/20/2016,1107,16772,15000 to 24999
39,39,1/21/2014,1011,13961,10000 to 14999
40,40,1/21/2015,1314,15626,15000 to 24999
41,41,1/21/2016,1089,12299,10000 to 14999
42,42,1/22/2014,1071,12573,10000 to 14999
43,43,1/22/2015,1224,14158,10000 to 14999
44,44,1/22/2016,513,7366,4000 to 7499
45,45,1/23/2014,1094,13930,10000 to 14999
46,46,1/23/2015,1164,12118,10000 to 14999
47,47,1/23/2016,236,5128,4000 to 7499
48,48,1/24/2014,1021,11984,10000 to 14999
49,49,1/24/2015,420,12834,10000 to 14999
50,50,1/24/2016,226,6514,4000 to 7499
51,51,1/25/2014,444,25072,25000 to 49999
52,52,1/25/2015,259,10608,10000 to 14999
53,53,1/25/2016,1127,11514,10000 to 14999
54,54,1/26/2014,390,9644,7500 to 9999
55,55,1/26/2015,1249,24870,15000 to 24999
56,56,1/26/2016,1114,10986,10000 to 14999
57,57,1/27/2014,959,8178,7500 to 9999
58,58,1/27/2015,1260,13802,10000 to 14999
59,59,1/27/2016,1131,12957,10000 to 14999
60,60,1/28/2014,1026,16995,15000 to 24999
61,61,1/28/2015,1345,17748,15000 to 24999
62,62,1/28/2016,1095,11932,10000 to 14999
63,63,1/29/2014,952,10023,10000 to 14999
64,64,1/29/2015,1295,14971,10000 to 14999
65,65,1/29/2016,590,6806,4000 to 7499
66,66,1/3/2014,779,15862,15000 to 24999
67,67,1/3/2015,283,9023,7500 to 9999
68,68,1/3/2016,135,5527,4000 to 7499
69,69,1/30/2014,946,11682,10000 to 14999
70,70,1/30/2015,1193,22966,15000 to 24999
71,71,1/30/2016,318,6001,4000 to 7499
72,72,1/31/2014,839,12165,10000 to 14999
73,73,1/31/2015,375,13541,10000 to 14999
74,74,1/31/2016,213,4666,4000 to 7499
75,75,1/4/2014,356,9834,7500 to 9999
76,76,1/4/2015,206,9285,7500 to 9999
77,77,1/4/2016,765,8071,7500 to 9999
78,78,1/5/2014,296,7312,4000 to 7499
79,79,1/5/2015,1186,12575,10000 to 14999
80,80,1/5/2016,632,5789,4000 to 7499
81,81,1/6/2014,915,12527,10000 to 14999
82,82,1/6/2015,1255,13559,10000 to 14999
83,83,1/6/2016,562,4908,4000 to 7499
84,84,1/7/2014,967,10707,10000 to 14999
85,85,1/7/2015,1301,14118,10000 to 14999
86,86,1/7/2016,978,9295,7500 to 9999
87,87,1/8/2014,967,13029,10000 to 14999
88,88,1/8/2015,1295,16231,15000 to 24999
89,89,1/8/2016,909,9449,7500 to 9999
90,90,1/9/2014,980,13335,10000 to 14999
91,91,1/9/2015,1173,12792,10000 to 14999
92,92,1/9/2016,132,2332,2000 to 3999
93,93,10/1/2013,1072,19109,15000 to 24999
94,94,10/1/2014,1393,17486,15000 to 24999
95,95,10/1/2015,1253,14985,10000 to 14999
96,96,10/10/2013,1086,17741,15000 to 24999
97,97,10/10/2014,1299,27369,25000 to 49999
98,98,10/10/2015,393,12983,10000 to 14999
99,99,10/11/2013,1014,16090,15000 to 24999
100,100,10/11/2014,552,25763,25000 to 49999
101,101,10/11/2015,483,21705,15000 to 24999
102,102,10/12/2013,665,19374,15000 to 24999
103,103,10/12/2014,447,19604,15000 to 24999
104,104,10/12/2015,1142,14063,10000 to 14999
105,105,10/13/2013,572,25368,25000 to 49999
106,106,10/13/2014,1261,14299,10000 to 14999
107,107,10/13/2015,1397,17240,15000 to 24999
108,108,10/14/2013,1050,24951,15000 to 24999
109,109,10/14/2014,1496,17526,15000 to 24999
110,110,10/14/2015,1371,17845,15000 to 24999
111,111,10/15/2013,1173,22518,15000 to 24999
112,112,10/15/2014,1384,18532,15000 to 24999
113,113,10/15/2015,1283,14567,10000 to 14999
114,114,10/16/2013,1165,21057,15000 to 24999
115,115,10/16/2014,1462,17367,15000 to 24999
116,116,10/16/2015,1190,16950,15000 to 24999
117,117,10/17/2013,1227,27040,25000 to 49999
118,118,10/17/2014,1257,23000,15000 to 24999
119,119,10/17/2015,292,9556,7500 to 9999
120,120,10/18/2013,1103,19866,15000 to 24999
121,121,10/18/2014,474,19951,15000 to 24999
122,122,10/18/2015,259,12079,10000 to 14999
123,123,10/19/2013,635,20191,15000 to 24999
124,124,10/19/2014,418,21391,15000 to 24999
125,125,10/19/2015,1292,16731,15000 to 24999
126,126,10/2/2013,1061,15482,15000 to 24999
127,127,10/2/2014,1452,23534,15000 to 24999
128,128,10/2/2015,1195,17058,15000 to 24999
129,129,10/20/2013,452,19607,15000 to 24999
130,130,10/20/2014,1266,16900,15000 to 24999
131,131,10/20/2015,1403,16840,15000 to 24999
132,132,10/21/2013,1015,13917,10000 to 14999
133,133,10/21/2014,1410,15783,15000 to 24999
134,134,10/21/2015,1328,15197,15000 to 24999
135,135,10/22/2013,1026,12350,10000 to 14999
136,136,10/22/2014,1319,16892,15000 to 24999
137,137,10/22/2015,1328,15438,15000 to 24999
138,138,10/23/2013,1029,12212,10000 to 14999
139,139,10/23/2014,1389,18502,15000 to 24999
140,140,10/23/2015,1204,13420,10000 to 14999
141,141,10/24/2013,1053,11837,10000 to 14999
142,142,10/24/2014,1427,23836,15000 to 24999
143,143,10/24/2015,345,10942,10000 to 14999
144,144,10/25/2013,1048,16514,15000 to 24999
145,145,10/25/2014,406,11849,10000 to 14999
146,146,10/25/2015,295,11775,10000 to 14999
147,147,10/26/2013,501,26499,25000 to 49999
148,148,10/26/2014,470,15317,15000 to 24999
149,149,10/26/2015,1260,13129,10000 to 14999
150,150,10/27/2013,292,11947,10000 to 14999
151,151,10/27/2014,1393,14937,10000 to 14999
152,152,10/27/2015,1270,12722,10000 to 14999
153,153,10/28/2013,967,10871,10000 to 14999
154,154,10/28/2014,1419,15398,15000 to 24999
155,155,10/28/2015,1235,13142,10000 to 14999
156,156,10/29/2013,1008,13109,10000 to 14999
157,157,10/29/2014,1496,17847,15000 to 24999
158,158,10/29/2015,1310,15751,15000 to 24999
159,159,10/3/2013,1158,21792,15000 to 24999
160,160,10/3/2014,1194,15495,15000 to 24999
161,161,10/3/2015,304,13236,10000 to 14999
162,162,10/30/2013,1122,12696,10000 to 14999
163,163,10/30/2014,1411,30275,25000 to 49999
164,164,10/30/2015,1229,15490,15000 to 24999
165,165,10/31/2013,1150,18297,15000 to 24999
166,166,10/31/2014,848,15719,15000 to 24999
167,167,10/31/2015,263,7017,4000 to 7499
168,168,10/4/2013,1088,18826,15000 to 24999
169,169,10/4/2014,418,13427,10000 to 14999
170,170,10/4/2015,309,9114,7500 to 9999
171,171,10/5/2013,716,28897,25000 to 49999
172,172,10/5/2014,324,11499,10000 to 14999
173,173,10/5/2015,1287,14890,10000 to 14999
174,174,10/6/2013,606,23134,15000 to 24999
175,175,10/6/2014,1169,12918,10000 to 14999
176,176,10/6/2015,1326,14861,10000 to 14999
177,177,10/7/2013,964,16648,15000 to 24999
178,178,10/7/2014,1293,16673,15000 to 24999
179,179,10/7/2015,1326,15960,15000 to 24999
180,180,10/8/2013,1018,23809,15000 to 24999
181,181,10/8/2014,1367,14817,10000 to 14999
182,182,10/8/2015,1285,17522,15000 to 24999
183,183,10/9/2013,1069,16483,15000 to 24999
184,184,10/9/2014,1306,12764,10000 to 14999
185,185,10/9/2015,1196,17353,15000 to 24999
186,186,11/1/2013,1120,18534,15000 to 24999
187,187,11/1/2014,395,11551,10000 to 14999
188,188,11/1/2015,240,6203,4000 to 7499
189,189,11/10/2013,482,16134,15000 to 24999
190,190,11/10/2014,1304,13477,10000 to 14999
191,191,11/10/2015,1260,15042,15000 to 24999
192,192,11/11/2013,986,16990,15000 to 24999
193,193,11/11/2014,1213,13283,10000 to 14999
194,194,11/11/2015,1128,12283,10000 to 14999
195,195,11/12/2013,1154,13233,10000 to 14999
196,196,11/12/2014,1363,14347,10000 to 14999
197,197,11/12/2015,1238,13389,10000 to 14999
198,198,11/13/2013,1002,10180,10000 to 14999
199,199,11/13/2014,1133,12910,10000 to 14999
200,200,11/13/2015,1166,13787,10000 to 14999
201,201,11/14/2013,1115,15686,15000 to 24999
202,202,11/14/2014,1210,13036,10000 to 14999
203,203,11/14/2015,320,9545,7500 to 9999
204,204,11/15/2013,1131,23534,15000 to 24999
205,205,11/15/2014,384,16145,15000 to 24999
206,206,11/15/2015,197,5480,4000 to 7499
207,207,11/16/2013,474,16597,15000 to 24999
208,208,11/16/2014,267,5478,4000 to 7499
209,209,11/16/2015,1220,14730,10000 to 14999
210,210,11/17/2013,406,12735,10000 to 14999
211,211,11/17/2014,1304,14102,10000 to 14999
212,212,11/17/2015,1207,12596,10000 to 14999
213,213,11/18/2013,1008,16470,15000 to 24999
214,214,11/18/2014,1322,13117,10000 to 14999
215,215,11/18/2015,1253,13159,10000 to 14999
216,216,11/19/2013,750,7483,4000 to 7499
217,217,11/19/2014,906,8716,7500 to 9999
218,218,11/19/2015,1145,11202,10000 to 14999
219,219,11/2/2013,544,20192,15000 to 24999
220,220,11/2/2014,372,14294,10000 to 14999
221,221,11/2/2015,863,8662,7500 to 9999
222,222,11/20/2013,625,7911,7500 to 9999
223,223,11/20/2014,886,9724,7500 to 9999
224,224,11/20/2015,1172,18434,15000 to 24999
225,225,11/21/2013,1102,11978,10000 to 14999
226,226,11/21/2014,1210,13107,10000 to 14999
227,227,11/21/2015,277,8342,7500 to 9999
228,228,11/22/2013,995,14803,10000 to 14999
229,229,11/22/2014,343,11002,10000 to 14999
230,230,11/22/2015,244,6540,4000 to 7499
231,231,11/23/2013,525,19149,15000 to 24999
232,232,11/23/2014,235,4168,4000 to 7499
233,233,11/23/2015,1052,10757,10000 to 14999
234,234,11/24/2013,348,11990,10000 to 14999
235,235,11/24/2014,1285,15287,15000 to 24999
236,236,11/24/2015,911,9657,7500 to 9999
237,237,11/25/2013,1019,11497,10000 to 14999
238,238,11/25/2014,1183,17547,15000 to 24999
239,239,11/25/2015,652,5908,4000 to 7499
240,240,11/26/2013,1004,14230,10000 to 14999
241,241,11/26/2014,758,8601,7500 to 9999
242,242,11/26/2015,106,5380,4000 to 7499
243,243,11/27/2013,720,11420,10000 to 14999
244,244,11/27/2014,133,8881,7500 to 9999
245,245,11/27/2015,171,4741,4000 to 7499
246,246,11/28/2013,272,16529,15000 to 24999
247,247,11/28/2014,277,10617,10000 to 14999
248,248,11/28/2015,188,9419,7500 to 9999
249,249,11/29/2013,384,32282,25000 to 49999
250,250,11/29/2014,281,6129,4000 to 7499
251,251,11/29/2015,165,3994,2000 to 3999
252,252,11/3/2013,372,15167,15000 to 24999
253,253,11/3/2014,1347,17064,15000 to 24999
254,254,11/3/2015,1246,12681,10000 to 14999
255,255,11/30/2013,307,28862,25000 to 49999
256,256,11/30/2014,121,4096,4000 to 7499
257,257,11/30/2015,988,11036,10000 to 14999
258,258,11/4/2013,1128,19183,15000 to 24999
259,259,11/4/2014,1302,15481,15000 to 24999
260,260,11/4/2015,1204,11667,10000 to 14999
261,261,11/5/2013,1158,15271,15000 to 24999
262,262,11/5/2014,1382,20186,15000 to 24999
263,263,11/5/2015,1266,14940,10000 to 14999
264,264,11/6/2013,1085,14028,10000 to 14999
265,265,11/6/2014,1410,16321,15000 to 24999
266,266,11/6/2015,1124,13889,10000 to 14999
267,267,11/7/2013,1197,21086,15000 to 24999
268,268,11/7/2014,1301,14798,10000 to 14999
269,269,11/7/2015,356,10032,10000 to 14999
270,270,11/8/2013,1172,22707,15000 to 24999
271,271,11/8/2014,512,17515,15000 to 24999
272,272,11/8/2015,191,2785,2000 to 3999
273,273,11/9/2013,634,25006,25000 to 49999
274,274,11/9/2014,377,13254,10000 to 14999
275,275,11/9/2015,806,8079,7500 to 9999
276,276,12/1/2013,329,11717,10000 to 14999
277,277,12/1/2014,1181,14570,10000 to 14999
278,278,12/1/2015,1117,10394,10000 to 14999
279,279,12/10/2013,878,9448,7500 to 9999
280,280,12/10/2014,1279,13573,10000 to 14999
281,281,12/10/2015,898,8177,7500 to 9999
282,282,12/11/2013,903,9869,7500 to 9999
283,283,12/11/2014,107,2185,2000 to 3999
284,284,12/11/2015,893,10097,10000 to 14999
285,285,12/12/2013,966,12738,10000 to 14999
286,286,12/12/2014,622,22231,15000 to 24999
287,287,12/12/2015,228,6165,4000 to 7499
288,288,12/13/2013,962,12788,10000 to 14999
289,289,12/13/2014,368,11762,10000 to 14999
290,290,12/13/2015,77,2254,2000 to 3999
291,291,12/14/2013,392,8882,7500 to 9999
292,292,12/14/2014,264,18783,15000 to 24999
293,293,12/14/2015,999,9768,7500 to 9999
294,294,12/15/2013,319,9216,7500 to 9999
295,295,12/15/2014,644,18431,15000 to 24999
296,296,12/15/2015,1050,10446,10000 to 14999
297,297,12/16/2013,946,16228,15000 to 24999
298,298,12/16/2014,770,25853,25000 to 49999
299,299,12/16/2015,1066,13594,10000 to 14999
300,300,12/17/2013,975,10504,10000 to 14999
301,301,12/17/2014,809,22160,15000 to 24999
302,302,12/17/2015,990,11512,10000 to 14999
303,303,12/18/2013,928,23966,15000 to 24999
304,304,12/18/2014,1126,11972,10000 to 14999
305,305,12/18/2015,801,8027,7500 to 9999
306,306,12/19/2013,935,10352,10000 to 14999
307,307,12/19/2014,532,6411,4000 to 7499
308,308,12/19/2015,245,4696,4000 to 7499
309,309,12/2/2013,878,8933,7500 to 9999
310,310,12/2/2014,491,4229,4000 to 7499
311,311,12/2/2015,1096,10665,10000 to 14999
312,312,12/20/2013,867,12520,10000 to 14999
313,313,12/20/2014,305,6176,4000 to 7499
314,314,12/20/2015,51,959,500 to 1999
315,315,12/21/2013,354,10050,10000 to 14999
316,316,12/21/2014,246,11192,10000 to 14999
317,317,12/21/2015,341,3435,2000 to 3999
318,318,12/22/2013,307,15005,15000 to 24999
319,319,12/22/2014,1021,15323,15000 to 24999
320,320,12/22/2015,539,5108,4000 to 7499
321,321,12/23/2013,651,12270,10000 to 14999
322,322,12/23/2014,806,14913,10000 to 14999
323,323,12/23/2015,563,10166,10000 to 14999
324,324,12/24/2013,336,13460,10000 to 14999
325,325,12/24/2014,308,4575,4000 to 7499
326,326,12/24/2015,124,1964,500 to 1999
327,327,12/25/2013,360,20167,15000 to 24999
328,328,12/25/2014,150,8360,7500 to 9999
329,329,12/25/2015,106,5216,4000 to 7499
330,330,12/26/2013,422,11255,10000 to 14999
331,331,12/26/2014,329,13609,10000 to 14999
332,332,12/26/2015,128,4343,4000 to 7499
333,333,12/27/2013,425,8473,7500 to 9999
334,334,12/27/2014,231,10110,10000 to 14999
335,335,12/27/2015,146,4101,4000 to 7499
336,336,12/28/2013,403,16229,15000 to 24999
337,337,12/28/2014,297,12716,10000 to 14999
338,338,12/28/2015,475,5055,4000 to 7499
339,339,12/29/2013,318,15640,15000 to 24999
340,340,12/29/2014,627,9674,7500 to 9999
341,341,12/29/2015,502,9299,7500 to 9999
342,342,12/3/2013,917,9320,7500 to 9999
343,343,12/3/2014,804,7534,7500 to 9999
344,344,12/3/2015,898,8773,7500 to 9999
345,345,12/30/2013,605,14693,10000 to 14999
346,346,12/30/2014,486,6836,4000 to 7499
347,347,12/30/2015,319,4549,4000 to 7499
348,348,12/31/2013,505,18929,15000 to 24999
349,349,12/31/2014,386,9497,7500 to 9999
350,350,12/31/2015,264,3700,2000 to 3999
351,351,12/4/2013,992,11137,10000 to 14999
352,352,12/4/2014,1125,32565,25000 to 49999
353,353,12/4/2015,992,9866,7500 to 9999
354,354,12/5/2013,936,12462,10000 to 14999
355,355,12/5/2014,980,11352,10000 to 14999
356,356,12/5/2015,213,3304,2000 to 3999
357,357,12/6/2013,727,13420,10000 to 14999
358,358,12/6/2014,419,297519,100000+
359,359,12/6/2015,105,2234,2000 to 3999
360,360,12/7/2013,277,4321,4000 to 7499
361,361,12/7/2014,296,10173,10000 to 14999
362,362,12/7/2015,1027,10760,10000 to 14999
363,363,12/8/2013,274,3868,2000 to 3999
364,364,12/8/2014,1363,16940,15000 to 24999
365,365,12/8/2015,1109,12073,10000 to 14999
366,366,12/9/2013,807,7854,7500 to 9999
367,367,12/9/2014,1305,14287,10000 to 14999
368,368,12/9/2015,1028,10152,10000 to 14999
369,369,2/1/2014,383,14243,10000 to 14999
370,370,2/1/2015,251,6072,4000 to 7499
371,371,2/1/2016,1013,11656,10000 to 14999
372,372,2/10/2014,803,9944,7500 to 9999
373,373,2/10/2015,1368,14191,10000 to 14999
374,374,2/10/2016,1167,12413,10000 to 14999
375,375,2/11/2014,939,10595,10000 to 14999
376,376,2/11/2015,1343,13366,10000 to 14999
377,377,2/11/2016,1176,12717,10000 to 14999
378,378,2/12/2014,1015,13901,10000 to 14999
379,379,2/12/2015,1305,12860,10000 to 14999
380,380,2/12/2016,1063,13639,10000 to 14999
381,381,2/13/2014,937,11467,10000 to 14999
382,382,2/13/2015,1295,22668,15000 to 24999
383,383,2/13/2016,353,12218,10000 to 14999
384,384,2/14/2014,958,19899,15000 to 24999
385,385,2/14/2015,563,30390,25000 to 49999
386,386,2/14/2016,341,15495,15000 to 24999
387,387,2/15/2014,415,13900,10000 to 14999
388,388,2/15/2015,375,24062,15000 to 24999
389,389,2/15/2016,463,10399,10000 to 14999
390,390,2/16/2014,415,12780,10000 to 14999
391,391,2/16/2015,543,10611,10000 to 14999
392,392,2/16/2016,1155,11574,10000 to 14999
393,393,2/17/2014,464,12082,10000 to 14999
394,394,2/17/2015,1279,15955,15000 to 24999
395,395,2/17/2016,973,9254,7500 to 9999
396,396,2/18/2014,1013,15367,15000 to 24999
397,397,2/18/2015,1238,17556,15000 to 24999
398,398,2/18/2016,1036,10648,10000 to 14999
399,399,2/19/2014,1012,12875,10000 to 14999
400,400,2/19/2015,1172,14083,10000 to 14999
401,401,2/19/2016,904,8983,7500 to 9999
402,402,2/2/2014,128,3396,2000 to 3999
403,403,2/2/2015,1312,14340,10000 to 14999
404,404,2/2/2016,865,8617,7500 to 9999
405,405,2/20/2014,974,14591,10000 to 14999
406,406,2/20/2015,1101,15672,15000 to 24999
407,407,2/20/2016,307,8701,7500 to 9999
408,408,2/21/2014,937,14832,10000 to 14999
409,409,2/21/2015,333,12329,10000 to 14999
410,410,2/21/2016,235,5522,4000 to 7499
411,411,2/22/2014,466,20897,15000 to 24999
412,412,2/22/2015,289,14698,10000 to 14999
413,413,2/22/2016,1187,17561,15000 to 24999
414,414,2/23/2014,317,12398,10000 to 14999
415,415,2/23/2015,1280,13711,10000 to 14999
416,416,2/23/2016,1182,15578,15000 to 24999
417,417,2/24/2014,1011,18481,15000 to 24999
418,418,2/24/2015,1169,12799,10000 to 14999
419,419,2/24/2016,1163,12343,10000 to 14999
420,420,2/25/2014,1090,16385,15000 to 24999
421,421,2/25/2015,1209,13087,10000 to 14999
422,422,2/25/2016,1176,12425,10000 to 14999
423,423,2/26/2014,392,4100,4000 to 7499
424,424,2/26/2015,1242,20462,15000 to 24999
425,425,2/26/2016,1034,14093,10000 to 14999
426,426,2/27/2014,872,12928,10000 to 14999
427,427,2/27/2015,1092,25634,25000 to 49999
428,428,2/27/2016,337,9827,7500 to 9999
429,429,2/28/2014,538,11067,10000 to 14999
430,430,2/28/2015,330,7089,4000 to 7499
431,431,2/28/2016,242,7052,4000 to 7499
432,432,2/29/2016,1152,13668,10000 to 14999
433,433,2/3/2014,962,11028,10000 to 14999
434,434,2/3/2015,1363,16333,15000 to 24999
435,435,2/3/2016,1042,11647,10000 to 14999
436,436,2/4/2014,994,17951,15000 to 24999
437,437,2/4/2015,1364,13367,10000 to 14999
438,438,2/4/2016,1062,14661,10000 to 14999
439,439,2/5/2014,862,10829,10000 to 14999
440,440,2/5/2015,1272,12272,10000 to 14999
441,441,2/5/2016,948,11890,10000 to 14999
442,442,2/6/2014,486,7460,4000 to 7499
443,443,2/6/2015,608,5362,4000 to 7499
444,444,2/6/2016,410,11701,10000 to 14999
445,445,2/7/2014,466,3991,2000 to 3999
446,446,2/7/2015,318,7116,4000 to 7499
447,447,2/7/2016,270,7342,4000 to 7499
448,448,2/8/2014,94,3323,2000 to 3999
449,449,2/8/2015,141,27123,25000 to 49999
450,450,2/8/2016,1160,14169,10000 to 14999
451,451,2/9/2014,81,1538,500 to 1999
452,452,2/9/2015,1246,13995,10000 to 14999
453,453,2/9/2016,1144,12880,10000 to 14999
454,454,3/1/2014,318,12049,10000 to 14999
455,455,3/1/2015,338,11596,10000 to 14999
456,456,3/1/2016,1256,12804,10000 to 14999
457,457,3/10/2014,980,15332,15000 to 24999
458,458,3/10/2015,1184,14512,10000 to 14999
459,459,3/10/2016,691,6660,4000 to 7499
460,460,3/11/2014,1112,16613,15000 to 24999
461,461,3/11/2015,1214,16116,15000 to 24999
462,462,3/11/2016,520,6463,4000 to 7499
463,463,3/12/2014,1044,15789,15000 to 24999
464,464,3/12/2015,1328,17201,15000 to 24999
465,465,3/12/2016,176,4908,4000 to 7499
466,466,3/13/2014,1133,14213,10000 to 14999
467,467,3/13/2015,1208,16994,15000 to 24999
468,468,3/13/2016,50,542,500 to 1999
469,469,3/14/2014,1022,12913,10000 to 14999
470,470,3/14/2015,479,29915,25000 to 49999
471,471,3/14/2016,1119,13335,10000 to 14999
472,472,3/15/2014,504,28129,25000 to 49999
473,473,3/15/2015,377,11936,10000 to 14999
474,474,3/15/2016,1206,14876,10000 to 14999
475,475,3/16/2014,445,18247,15000 to 24999
476,476,3/16/2015,1295,13840,10000 to 14999
477,477,3/16/2016,1189,15285,15000 to 24999
478,478,3/17/2014,1002,16553,15000 to 24999
479,479,3/17/2015,1365,16591,15000 to 24999
480,480,3/17/2016,1114,18554,15000 to 24999
481,481,3/18/2014,1139,13448,10000 to 14999
482,482,3/18/2015,1319,16860,15000 to 24999
483,483,3/18/2016,1011,15121,15000 to 24999
484,484,3/19/2014,1161,14982,10000 to 14999
485,485,3/19/2015,1363,16180,15000 to 24999
486,486,3/19/2016,308,8906,7500 to 9999
487,487,3/2/2014,208,8552,7500 to 9999
488,488,3/2/2015,1209,11824,10000 to 14999
489,489,3/2/2016,1177,13369,10000 to 14999
490,490,3/20/2014,1127,13196,10000 to 14999
491,491,3/20/2015,1206,19523,15000 to 24999
492,492,3/20/2016,185,4896,4000 to 7499
493,493,3/21/2014,1010,25252,25000 to 49999
494,494,3/21/2015,375,10710,10000 to 14999
495,495,3/21/2016,912,10889,10000 to 14999
496,496,3/22/2014,422,22048,15000 to 24999
497,497,3/22/2015,280,7904,7500 to 9999
498,498,3/22/2016,1144,14151,10000 to 14999
499,499,3/23/2014,373,20677,15000 to 24999
500,500,3/23/2015,1247,16635,15000 to 24999
501,501,3/23/2016,1215,14414,10000 to 14999
502,502,3/24/2014,1012,15732,15000 to 24999
503,503,3/24/2015,1340,17228,15000 to 24999
504,504,3/24/2016,1210,18186,15000 to 24999
505,505,3/25/2014,927,10520,10000 to 14999
506,506,3/25/2015,1409,19891,15000 to 24999
507,507,3/25/2016,952,17772,15000 to 24999
508,508,3/26/2014,716,7607,7500 to 9999
509,509,3/26/2015,1348,18018,15000 to 24999
510,510,3/26/2016,365,8640,7500 to 9999
511,511,3/27/2014,1071,17012,15000 to 24999
512,512,3/27/2015,1264,16863,15000 to 24999
513,513,3/27/2016,222,8843,7500 to 9999
514,514,3/28/2014,974,14835,10000 to 14999
515,515,3/28/2015,512,24989,15000 to 24999
516,516,3/28/2016,1094,12767,10000 to 14999
517,517,3/29/2014,117,6913,4000 to 7499
518,518,3/29/2015,362,10103,10000 to 14999
519,519,3/29/2016,1161,14573,10000 to 14999
520,520,3/3/2014,746,8161,7500 to 9999
521,521,3/3/2015,1299,17074,15000 to 24999
522,522,3/3/2016,989,10396,10000 to 14999
523,523,3/30/2014,391,15243,15000 to 24999
524,524,3/30/2015,1403,18016,15000 to 24999
525,525,3/30/2016,1134,11876,10000 to 14999
526,526,3/31/2014,697,8427,7500 to 9999
527,527,3/31/2015,1354,17713,15000 to 24999
528,528,3/31/2016,1099,12088,10000 to 14999
529,529,3/4/2014,944,12648,10000 to 14999
530,530,3/4/2015,1243,13312,10000 to 14999
531,531,3/4/2016,764,7854,7500 to 9999
532,532,3/5/2014,979,15055,15000 to 24999
533,533,3/5/2015,1225,13890,10000 to 14999
534,534,3/5/2016,68,673,500 to 1999
535,535,3/6/2014,1015,17025,15000 to 24999
536,536,3/6/2015,1245,19186,15000 to 24999
537,537,3/6/2016,163,3845,2000 to 3999
538,538,3/7/2014,988,13996,10000 to 14999
539,539,3/7/2015,396,16683,15000 to 24999
540,540,3/7/2016,987,11448,10000 to 14999
541,541,3/8/2014,468,19300,15000 to 24999
542,542,3/8/2015,394,12186,10000 to 14999
543,543,3/8/2016,1122,11571,10000 to 14999
544,544,3/9/2014,548,17415,15000 to 24999
545,545,3/9/2015,1045,14699,10000 to 14999
546,546,3/9/2016,955,9102,7500 to 9999
547,547,4/1/2014,520,5423,4000 to 7499
548,548,4/1/2015,1379,17717,15000 to 24999
549,549,4/1/2016,967,11302,10000 to 14999
550,550,4/10/2014,1033,16212,15000 to 24999
551,551,4/10/2015,1246,23414,15000 to 24999
552,552,4/10/2016,197,5705,4000 to 7499
553,553,4/11/2014,1013,16796,15000 to 24999
554,554,4/11/2015,407,16876,15000 to 24999
555,555,4/11/2016,1146,11082,10000 to 14999
556,556,4/12/2014,463,13934,10000 to 14999
557,557,4/12/2015,303,8760,7500 to 9999
558,558,4/12/2016,1181,11066,10000 to 14999
559,559,4/13/2014,412,13856,10000 to 14999
560,560,4/13/2015,1337,14539,10000 to 14999
561,561,4/13/2016,1162,14169,10000 to 14999
562,562,4/14/2014,1046,13356,10000 to 14999
563,563,4/14/2015,1331,16479,15000 to 24999
564,564,4/14/2016,1106,14522,10000 to 14999
565,565,4/15/2014,1163,15394,15000 to 24999
566,566,4/15/2015,1359,16994,15000 to 24999
567,567,4/15/2016,1070,14856,10000 to 14999
568,568,4/16/2014,1223,15732,15000 to 24999
569,569,4/16/2015,1359,18358,15000 to 24999
570,570,4/16/2016,363,14162,10000 to 14999
571,571,4/17/2014,1145,17975,15000 to 24999
572,572,4/17/2015,1255,16768,15000 to 24999
573,573,4/17/2016,252,10338,10000 to 14999
574,574,4/18/2014,988,33851,25000 to 49999
575,575,4/18/2015,413,16543,15000 to 24999
576,576,4/18/2016,1179,17380,15000 to 24999
577,577,4/19/2014,421,17531,15000 to 24999
578,578,4/19/2015,325,12748,10000 to 14999
579,579,4/19/2016,1325,15917,15000 to 24999
580,580,4/2/2014,987,10776,10000 to 14999
581,581,4/2/2015,1395,20812,15000 to 24999
582,582,4/2/2016,299,12888,10000 to 14999
583,583,4/20/2014,376,22493,15000 to 24999
584,584,4/20/2015,1299,11816,10000 to 14999
585,585,4/20/2016,1325,16573,15000 to 24999
586,586,4/21/2014,1049,12810,10000 to 14999
587,587,4/21/2015,1371,14139,10000 to 14999
588,588,4/21/2016,1183,11748,10000 to 14999
589,589,4/22/2014,1066,13251,10000 to 14999
590,590,4/22/2015,1376,15402,15000 to 24999
591,591,4/22/2016,941,13575,10000 to 14999
592,592,4/23/2014,1089,14135,10000 to 14999
593,593,4/23/2015,1368,17663,15000 to 24999
594,594,4/23/2016,294,6956,4000 to 7499
595,595,4/24/2014,1018,13480,10000 to 14999
596,596,4/24/2015,1171,11944,10000 to 14999
597,597,4/24/2016,281,9177,7500 to 9999
598,598,4/25/2014,599,9586,7500 to 9999
599,599,4/25/2015,405,13880,10000 to 14999
600,600,4/25/2016,1167,11187,10000 to 14999
601,601,4/26/2014,383,16080,15000 to 24999
602,602,4/26/2015,291,11723,10000 to 14999
603,603,4/26/2016,1249,14082,10000 to 14999
604,604,4/27/2014,354,13333,10000 to 14999
605,605,4/27/2015,1233,15826,15000 to 24999
606,606,4/27/2016,1162,10611,10000 to 14999
607,607,4/28/2014,1177,15310,15000 to 24999
608,608,4/28/2015,1375,16417,15000 to 24999
609,609,4/28/2016,1221,13286,10000 to 14999
610,610,4/29/2014,1227,16315,15000 to 24999
611,611,4/29/2015,1314,26037,25000 to 49999
612,612,4/29/2016,1090,14262,10000 to 14999
613,613,4/3/2014,997,12348,10000 to 14999
614,614,4/3/2015,1155,17376,15000 to 24999
615,615,4/3/2016,259,11443,10000 to 14999
616,616,4/30/2014,1222,12846,10000 to 14999
617,617,4/30/2015,1295,15209,15000 to 24999
618,618,4/30/2016,270,7194,4000 to 7499
619,619,4/4/2014,844,11501,10000 to 14999
620,620,4/4/2015,342,11305,10000 to 14999
621,621,4/4/2016,1175,16666,15000 to 24999
622,622,4/5/2014,518,24356,15000 to 24999
623,623,4/5/2015,216,9569,7500 to 9999
624,624,4/5/2016,1220,17150,15000 to 24999
625,625,4/6/2014,378,39303,25000 to 49999
626,626,4/6/2015,1281,15237,15000 to 24999
627,627,4/6/2016,1200,14712,10000 to 14999
628,628,4/7/2014,1123,16927,15000 to 24999
629,629,4/7/2015,1097,12612,10000 to 14999
630,630,4/7/2016,1231,14310,10000 to 14999
631,631,4/8/2014,1268,15586,15000 to 24999
632,632,4/8/2015,1344,15004,15000 to 24999
633,633,4/8/2016,986,12558,10000 to 14999
634,634,4/9/2014,1119,13732,10000 to 14999
635,635,4/9/2015,1321,16016,15000 to 24999
636,636,4/9/2016,111,1422,500 to 1999
637,637,5/1/2014,1185,16378,15000 to 24999
638,638,5/1/2015,1282,18523,15000 to 24999
639,639,5/1/2016,243,8772,7500 to 9999
640,640,5/10/2014,437,16798,15000 to 24999
641,641,5/10/2015,267,10105,10000 to 14999
642,642,5/10/2016,1307,14967,10000 to 14999
643,643,5/11/2014,336,12086,10000 to 14999
644,644,5/11/2015,1297,21042,15000 to 24999
645,645,5/11/2016,1273,15661,15000 to 24999
646,646,5/12/2014,1180,13674,10000 to 14999
647,647,5/12/2015,1305,15556,15000 to 24999
648,648,5/12/2016,1497,18596,15000 to 24999
649,649,5/13/2014,1235,16294,15000 to 24999
650,650,5/13/2015,1336,15811,15000 to 24999
651,651,5/13/2016,1167,15010,15000 to 24999
652,652,5/14/2014,1182,25084,25000 to 49999
653,653,5/14/2015,1343,20587,15000 to 24999
654,654,5/14/2016,393,12698,10000 to 14999
655,655,5/15/2014,1207,16745,15000 to 24999
656,656,5/15/2015,1168,21345,15000 to 24999
657,657,5/15/2016,318,7780,7500 to 9999
658,658,5/16/2014,1142,25725,25000 to 49999
659,659,5/16/2015,394,13936,10000 to 14999
660,660,5/16/2016,1209,13912,10000 to 14999
661,661,5/17/2014,485,27645,25000 to 49999
662,662,5/17/2015,328,12662,10000 to 14999
663,663,5/17/2016,1350,15662,15000 to 24999
664,664,5/18/2014,418,16000,15000 to 24999
665,665,5/18/2015,1279,16857,15000 to 24999
666,666,5/18/2016,1222,13519,10000 to 14999
667,667,5/19/2014,1111,15578,15000 to 24999
668,668,5/19/2015,1381,15425,15000 to 24999
669,669,5/19/2016,1235,13477,10000 to 14999
670,670,5/2/2014,1037,13904,10000 to 14999
671,671,5/2/2015,351,42241,25000 to 49999
672,672,5/2/2016,1197,11939,10000 to 14999
673,673,5/20/2014,1123,12190,10000 to 14999
674,674,5/20/2015,1246,24247,15000 to 24999
675,675,5/20/2016,1103,12719,10000 to 14999
676,676,5/21/2014,1103,12122,10000 to 14999
677,677,5/21/2015,1355,17122,15000 to 24999
678,678,5/21/2016,309,8500,7500 to 9999
679,679,5/22/2014,1216,15265,15000 to 24999
680,680,5/22/2015,1129,15092,15000 to 24999
681,681,5/22/2016,295,10766,10000 to 14999
682,682,5/23/2014,1092,14549,10000 to 14999
683,683,5/23/2015,392,16557,15000 to 24999
684,684,5/23/2016,1126,13960,10000 to 14999
685,685,5/24/2014,432,13361,10000 to 14999
686,686,5/24/2015,333,20697,15000 to 24999
687,687,5/24/2016,1226,13665,10000 to 14999
688,688,5/25/2014,557,33094,25000 to 49999
689,689,5/25/2015,324,10742,10000 to 14999
690,690,5/25/2016,1240,15279,15000 to 24999
691,691,5/26/2014,450,19046,15000 to 24999
692,692,5/26/2015,1219,14068,10000 to 14999
693,693,5/26/2016,1201,13214,10000 to 14999
694,694,5/27/2014,1204,19755,15000 to 24999
695,695,5/27/2015,1260,16701,15000 to 24999
696,696,5/27/2016,988,14945,10000 to 14999
697,697,5/28/2014,1278,19605,15000 to 24999
698,698,5/28/2015,1288,20848,15000 to 24999
699,699,5/28/2016,380,12266,10000 to 14999
700,700,5/29/2014,1209,20071,15000 to 24999
701,701,5/29/2015,1203,14380,10000 to 14999
702,702,5/29/2016,300,10496,10000 to 14999
703,703,5/3/2014,387,11459,10000 to 14999
704,704,5/3/2015,346,11869,10000 to 14999
705,705,5/3/2016,1242,12256,10000 to 14999
706,706,5/30/2014,1074,16086,15000 to 24999
707,707,5/30/2015,435,13115,10000 to 14999
708,708,5/30/2016,266,7159,4000 to 7499
709,709,5/31/2014,449,22157,15000 to 24999
710,710,5/31/2015,266,12195,10000 to 14999
711,711,5/31/2016,1232,12378,10000 to 14999
712,712,5/4/2014,417,14340,10000 to 14999
713,713,5/4/2015,1296,14279,10000 to 14999
714,714,5/4/2016,1239,14959,10000 to 14999
715,715,5/5/2014,1156,17141,15000 to 24999
716,716,5/5/2015,1369,15902,15000 to 24999
717,717,5/5/2016,1219,15085,15000 to 24999
718,718,5/6/2014,1129,14998,10000 to 14999
719,719,5/6/2015,1374,17286,15000 to 24999
720,720,5/6/2016,925,12687,10000 to 14999
721,721,5/7/2014,1173,15938,15000 to 24999
722,722,5/7/2015,1360,15737,15000 to 24999
723,723,5/7/2016,183,6089,4000 to 7499
724,724,5/8/2014,1052,13182,10000 to 14999
725,725,5/8/2015,1246,17136,15000 to 24999
726,726,5/8/2016,225,6176,4000 to 7499
727,727,5/9/2014,1046,18874,15000 to 24999
728,728,5/9/2015,368,14333,10000 to 14999
729,729,5/9/2016,1212,15272,15000 to 24999
730,730,6/1/2014,468,22133,15000 to 24999
731,731,6/1/2015,1224,14884,10000 to 14999
732,732,6/1/2016,1171,11762,10000 to 14999
733,733,6/10/2014,1256,18026,15000 to 24999
734,734,6/10/2015,956,10492,10000 to 14999
735,735,6/10/2016,1139,15793,15000 to 24999
736,736,6/11/2014,1280,16106,15000 to 24999
737,737,6/11/2015,1437,18485,15000 to 24999
738,738,6/11/2016,321,12350,10000 to 14999
739,739,6/12/2014,1175,17084,15000 to 24999
740,740,6/12/2015,1276,21243,15000 to 24999
741,741,6/12/2016,323,7677,7500 to 9999
742,742,6/13/2014,1163,28912,25000 to 49999
743,743,6/13/2015,430,18727,15000 to 24999
744,744,6/13/2016,1313,15870,15000 to 24999
745,745,6/14/2014,440,17467,15000 to 24999
746,746,6/14/2015,269,13603,10000 to 14999
747,747,6/14/2016,1295,14592,10000 to 14999
748,748,6/15/2014,390,15943,15000 to 24999
749,749,6/15/2015,1327,14021,10000 to 14999
750,750,6/15/2016,1249,15755,15000 to 24999
751,751,6/16/2014,1269,18625,15000 to 24999
752,752,6/16/2015,1409,15781,15000 to 24999
753,753,6/16/2016,1271,13975,10000 to 14999
754,754,6/17/2014,1216,20199,15000 to 24999
755,755,6/17/2015,1353,17444,15000 to 24999
756,756,6/17/2016,1111,16824,15000 to 24999
757,757,6/18/2014,1259,19648,15000 to 24999
758,758,6/18/2015,1352,23799,15000 to 24999
759,759,6/18/2016,337,14611,10000 to 14999
760,760,6/19/2014,1237,19747,15000 to 24999
761,761,6/19/2015,1243,19959,15000 to 24999
762,762,6/19/2016,282,10719,10000 to 14999
763,763,6/2/2014,1291,18730,15000 to 24999
764,764,6/2/2015,1390,20184,15000 to 24999
765,765,6/2/2016,1262,13390,10000 to 14999
766,766,6/20/2014,1151,20128,15000 to 24999
767,767,6/20/2015,411,34209,25000 to 49999
768,768,6/20/2016,1268,13495,10000 to 14999
769,769,6/21/2014,361,11543,10000 to 14999
770,770,6/21/2015,298,12746,10000 to 14999
771,771,6/21/2016,1333,14082,10000 to 14999
772,772,6/22/2014,460,22377,15000 to 24999
773,773,6/22/2015,1295,14277,10000 to 14999
774,774,6/22/2016,1245,13748,10000 to 14999
775,775,6/23/2014,1188,19559,15000 to 24999
776,776,6/23/2015,1392,17277,15000 to 24999
777,777,6/23/2016,1253,15094,15000 to 24999
778,778,6/24/2014,1334,17260,15000 to 24999
779,779,6/24/2015,1335,16330,15000 to 24999
780,780,6/24/2016,1124,20199,15000 to 24999
781,781,6/25/2014,1225,17513,15000 to 24999
782,782,6/25/2015,1391,23803,15000 to 24999
783,783,6/25/2016,375,14236,10000 to 14999
784,784,6/26/2014,1294,19202,15000 to 24999
785,785,6/26/2015,1319,24185,15000 to 24999
786,786,6/26/2016,288,11565,10000 to 14999
787,787,6/27/2014,1137,25110,25000 to 49999
788,788,6/27/2015,466,14971,10000 to 14999
789,789,6/27/2016,1282,16120,15000 to 24999
790,790,6/28/2014,495,17203,15000 to 24999
791,791,6/28/2015,407,55256,50000 to 99999
792,792,6/28/2016,1288,14561,10000 to 14999
793,793,6/29/2014,414,18122,15000 to 24999
794,794,6/29/2015,1237,17045,15000 to 24999
795,795,6/29/2016,1185,13394,10000 to 14999
796,796,6/3/2014,1324,20585,15000 to 24999
797,797,6/3/2015,1348,18113,15000 to 24999
798,798,6/3/2016,1145,14732,10000 to 14999
799,799,6/30/2014,1248,17769,15000 to 24999
800,800,6/30/2015,1281,13693,10000 to 14999
801,801,6/30/2016,1180,15653,15000 to 24999
802,802,6/4/2014,1298,24727,15000 to 24999
803,803,6/4/2015,1414,19063,15000 to 24999
804,804,6/4/2016,353,10540,10000 to 14999
805,805,6/5/2014,1219,18844,15000 to 24999
806,806,6/5/2015,1270,20101,15000 to 24999
807,807,6/5/2016,258,9737,7500 to 9999
808,808,6/6/2014,1161,16071,15000 to 24999
809,809,6/6/2015,339,16209,15000 to 24999
810,810,6/6/2016,1330,12567,10000 to 14999
811,811,6/7/2014,437,19212,15000 to 24999
812,812,6/7/2015,385,16638,15000 to 24999
813,813,6/7/2016,1283,12554,10000 to 14999
814,814,6/8/2014,498,16388,15000 to 24999
815,815,6/8/2015,1270,14912,10000 to 14999
816,816,6/8/2016,1255,15895,15000 to 24999
817,817,6/9/2014,1294,14184,10000 to 14999
818,818,6/9/2015,1383,17231,15000 to 24999
819,819,6/9/2016,1264,13170,10000 to 14999
820,820,7/1/2014,1211,19605,15000 to 24999
821,821,7/1/2015,1205,23961,15000 to 24999
822,822,7/1/2016,968,12144,10000 to 14999
823,823,7/10/2014,1224,14622,10000 to 14999
824,824,7/10/2015,1244,39121,25000 to 49999
825,825,7/10/2016,331,11097,10000 to 14999
826,826,7/11/2014,1076,17291,15000 to 24999
827,827,7/11/2015,495,24396,15000 to 24999
828,828,7/11/2016,1168,15525,15000 to 24999
829,829,7/12/2014,445,25608,25000 to 49999
830,830,7/12/2015,379,18399,15000 to 24999
831,831,7/12/2016,1188,13955,10000 to 14999
832,832,7/13/2014,408,23836,15000 to 24999
833,833,7/13/2015,1345,16968,15000 to 24999
834,834,7/13/2016,1210,13807,10000 to 14999
835,835,7/14/2014,1220,14757,10000 to 14999
836,836,7/14/2015,1358,14220,10000 to 14999
837,837,7/14/2016,1212,13780,10000 to 14999
838,838,7/15/2014,1300,27204,25000 to 49999
839,839,7/15/2015,1384,17019,15000 to 24999
840,840,7/15/2016,1046,14019,10000 to 14999
841,841,7/16/2014,1311,16440,15000 to 24999
842,842,7/16/2015,1382,17872,15000 to 24999
843,843,7/16/2016,271,9599,7500 to 9999
844,844,7/17/2014,1299,14958,10000 to 14999
845,845,7/17/2015,1249,17902,15000 to 24999
846,846,7/17/2016,196,5128,4000 to 7499
847,847,7/18/2014,1160,20499,15000 to 24999
848,848,7/18/2015,368,11456,10000 to 14999
849,849,7/18/2016,1151,14704,10000 to 14999
850,850,7/19/2014,424,17644,15000 to 24999
851,851,7/19/2015,402,18317,15000 to 24999
852,852,7/19/2016,1155,17067,15000 to 24999
853,853,7/2/2014,1245,18370,15000 to 24999
854,854,7/2/2015,1019,15414,15000 to 24999
855,855,7/2/2016,303,10492,10000 to 14999
856,856,7/20/2014,402,17986,15000 to 24999
857,857,7/20/2015,1386,15016,15000 to 24999
858,858,7/20/2016,1247,15032,15000 to 24999
859,859,7/21/2014,1224,16071,15000 to 24999
860,860,7/21/2015,1349,19182,15000 to 24999
861,861,7/21/2016,1196,13432,10000 to 14999
862,862,7/22/2014,1326,18361,15000 to 24999
863,863,7/22/2015,1307,18457,15000 to 24999
864,864,7/22/2016,1023,13450,10000 to 14999
865,865,7/23/2014,1366,18458,15000 to 24999
866,866,7/23/2015,1320,15220,15000 to 24999
867,867,7/23/2016,270,7340,4000 to 7499
868,868,7/24/2014,1299,16702,15000 to 24999
869,869,7/24/2015,1254,16431,15000 to 24999
870,870,7/24/2016,242,7789,7500 to 9999
871,871,7/25/2014,1204,22171,15000 to 24999
872,872,7/25/2015,364,12582,10000 to 14999
873,873,7/25/2016,1200,14491,10000 to 14999
874,874,7/26/2014,495,20738,15000 to 24999
875,875,7/26/2015,432,13398,10000 to 14999
876,876,7/26/2016,1213,15076,15000 to 24999
877,877,7/27/2014,446,18731,15000 to 24999
878,878,7/27/2015,1363,18410,15000 to 24999
879,879,7/27/2016,1219,16786,15000 to 24999
880,880,7/28/2014,1293,18982,15000 to 24999
881,881,7/28/2015,1451,19590,15000 to 24999
882,882,7/28/2016,1166,13578,10000 to 14999
883,883,7/29/2014,1368,19525,15000 to 24999
884,884,7/29/2015,1411,16752,15000 to 24999
885,885,7/29/2016,1102,15600,15000 to 24999
886,886,7/3/2014,1026,20839,15000 to 24999
887,887,7/3/2015,439,24758,15000 to 24999
888,888,7/3/2016,222,5898,4000 to 7499
889,889,7/30/2014,1351,22745,15000 to 24999
890,890,7/30/2015,1330,14952,10000 to 14999
891,891,7/30/2016,356,15979,15000 to 24999
892,892,7/31/2014,1260,22269,15000 to 24999
893,893,7/31/2015,1240,20685,15000 to 24999
894,894,7/31/2016,311,11947,10000 to 14999
895,895,7/4/2014,391,22418,15000 to 24999
896,896,7/4/2015,449,30929,25000 to 49999
897,897,7/4/2016,316,12842,10000 to 14999
898,898,7/5/2014,382,15692,15000 to 24999
899,899,7/5/2015,288,9446,7500 to 9999
900,900,7/5/2016,952,11305,10000 to 14999
901,901,7/6/2014,365,10445,10000 to 14999
902,902,7/6/2015,1242,17584,15000 to 24999
903,903,7/6/2016,1091,12082,10000 to 14999
904,904,7/7/2014,1210,14379,10000 to 14999
905,905,7/7/2015,1359,16522,15000 to 24999
906,906,7/7/2016,1122,10581,10000 to 14999
907,907,7/8/2014,1201,15998,15000 to 24999
908,908,7/8/2015,1405,19060,15000 to 24999
909,909,7/8/2016,995,13618,10000 to 14999
910,910,7/9/2014,1347,21651,15000 to 24999
911,911,7/9/2015,1257,12350,10000 to 14999
912,912,7/9/2016,342,20002,15000 to 24999
913,913,8/1/2014,1162,17403,15000 to 24999
914,914,8/1/2015,425,17788,15000 to 24999
915,915,8/1/2016,1165,14736,10000 to 14999
916,916,8/10/2014,436,17221,15000 to 24999
917,917,8/10/2015,1284,19318,15000 to 24999
918,918,8/10/2016,1162,13243,10000 to 14999
919,919,8/11/2014,1234,16163,15000 to 24999
920,920,8/11/2015,1397,18031,15000 to 24999
921,921,8/11/2016,1166,13585,10000 to 14999
922,922,8/12/2014,1380,20361,15000 to 24999
923,923,8/12/2015,1400,19360,15000 to 24999
924,924,8/12/2016,1032,15057,15000 to 24999
925,925,8/13/2014,1247,13943,10000 to 14999
926,926,8/13/2015,1401,17846,15000 to 24999
927,927,8/13/2016,670,18817,15000 to 24999
928,928,8/14/2014,1251,17965,15000 to 24999
929,929,8/14/2015,1182,15338,15000 to 24999
930,930,8/14/2016,736,21157,15000 to 24999
931,931,8/15/2014,1179,18332,15000 to 24999
932,932,8/15/2015,451,16309,15000 to 24999
933,933,8/15/2016,1204,12542,10000 to 14999
934,934,8/16/2014,425,20358,15000 to 24999
935,935,8/16/2015,393,9790,7500 to 9999
936,936,8/16/2016,1270,16555,15000 to 24999
937,937,8/17/2014,402,16778,15000 to 24999
938,938,8/17/2015,1418,15954,15000 to 24999
939,939,8/17/2016,1253,13757,10000 to 14999
940,940,8/18/2014,1277,18625,15000 to 24999
941,941,8/18/2015,1407,14962,10000 to 14999
942,942,8/18/2016,1264,16025,15000 to 24999
943,943,8/19/2014,1279,21320,15000 to 24999
944,944,8/19/2015,1353,21085,15000 to 24999
945,945,8/19/2016,1074,13856,10000 to 14999
946,946,8/2/2014,387,10203,10000 to 14999
947,947,8/2/2015,320,18265,15000 to 24999
948,948,8/2/2016,1241,17398,15000 to 24999
949,949,8/20/2014,1327,18959,15000 to 24999
950,950,8/20/2015,1353,18566,15000 to 24999
951,951,8/20/2016,313,8347,7500 to 9999
952,952,8/21/2014,1352,28008,25000 to 49999
953,953,8/21/2015,1215,15895,15000 to 24999
954,954,8/21/2016,291,9104,7500 to 9999
955,955,8/22/2014,1235,19402,15000 to 24999
956,956,8/22/2015,421,12118,10000 to 14999
957,957,8/22/2016,1176,13463,10000 to 14999
958,958,8/23/2014,485,32318,25000 to 49999
959,959,8/23/2015,311,8141,7500 to 9999
960,960,8/23/2016,1241,12855,10000 to 14999
961,961,8/24/2014,345,20470,15000 to 24999
962,962,8/24/2015,1309,22867,15000 to 24999
963,963,8/24/2016,1242,12032,10000 to 14999
964,964,8/25/2014,1371,19081,15000 to 24999
965,965,8/25/2015,1421,16547,15000 to 24999
966,966,8/25/2016,1184,13607,10000 to 14999
967,967,8/26/2014,1513,20015,15000 to 24999
968,968,8/26/2015,1465,18959,15000 to 24999
969,969,8/26/2016,1096,15546,15000 to 24999
970,970,8/27/2014,1479,28148,25000 to 49999
971,971,8/27/2015,1443,19509,15000 to 24999
972,972,8/27/2016,291,7251,4000 to 7499
973,973,8/28/2014,1340,16962,15000 to 24999
974,974,8/28/2015,1220,15472,15000 to 24999
975,975,8/28/2016,285,7139,4000 to 7499
976,976,8/29/2013,748,19464,15000 to 24999
977,977,8/29/2014,1252,23829,15000 to 24999
978,978,8/29/2015,342,13127,10000 to 14999
979,979,8/29/2016,1196,12704,10000 to 14999
980,980,8/3/2014,365,11736,10000 to 14999
981,981,8/3/2015,1283,16660,15000 to 24999
982,982,8/3/2016,1231,13942,10000 to 14999
983,983,8/30/2013,714,32167,25000 to 49999
984,984,8/30/2014,481,23530,15000 to 24999
985,985,8/30/2015,331,12819,10000 to 14999
986,986,8/30/2016,1213,11975,10000 to 14999
987,987,8/31/2013,640,39041,25000 to 49999
988,988,8/31/2014,473,28166,25000 to 49999
989,989,8/31/2015,1369,15347,15000 to 24999
990,990,8/31/2016,1176,15361,15000 to 24999
991,991,8/4/2014,1169,15458,15000 to 24999
992,992,8/4/2015,1360,18374,15000 to 24999
993,993,8/4/2016,1140,13114,10000 to 14999
994,994,8/5/2014,1313,19295,15000 to 24999
995,995,8/5/2015,1341,20277,15000 to 24999
996,996,8/5/2016,967,11743,10000 to 14999
997,997,8/6/2014,1254,14861,10000 to 14999
998,998,8/6/2015,1299,17727,15000 to 24999
999,999,8/6/2016,300,9596,7500 to 9999
1000,1000,8/7/2014,1256,19048,15000 to 24999
1001,1001,8/7/2015,1197,25870,25000 to 49999
1002,1002,8/7/2016,275,11687,10000 to 14999
1003,1003,8/8/2014,1170,19655,15000 to 24999
1004,1004,8/8/2015,432,13892,10000 to 14999
1005,1005,8/8/2016,1268,12968,10000 to 14999
1006,1006,8/9/2014,376,10245,10000 to 14999
1007,1007,8/9/2015,361,11919,10000 to 14999
1008,1008,8/9/2016,1233,13970,10000 to 14999
1009,1009,9/1/2013,706,40076,25000 to 49999
1010,1010,9/1/2014,368,16434,15000 to 24999
1011,1011,9/1/2015,1389,15267,15000 to 24999
1012,1012,9/10/2013,892,13191,10000 to 14999
1013,1013,9/10/2014,1351,18901,15000 to 24999
1014,1014,9/10/2015,1357,16877,15000 to 24999
1015,1015,9/11/2013,880,15567,15000 to 24999
1016,1016,9/11/2014,1381,22458,15000 to 24999
1017,1017,9/11/2015,1165,12988,10000 to 14999
1018,1018,9/12/2013,942,24876,15000 to 24999
1019,1019,9/12/2014,1308,29865,25000 to 49999
1020,1020,9/12/2015,360,10251,10000 to 14999
1021,1021,9/13/2013,981,25889,25000 to 49999
1022,1022,9/13/2014,556,18232,15000 to 24999
1023,1023,9/13/2015,301,8215,7500 to 9999
1024,1024,9/14/2013,702,34699,25000 to 49999
1025,1025,9/14/2014,435,15092,15000 to 24999
1026,1026,9/14/2015,1177,13898,10000 to 14999
1027,1027,9/15/2013,624,31917,25000 to 49999
1028,1028,9/15/2014,1516,26541,25000 to 49999
1029,1029,9/15/2015,1423,19377,15000 to 24999
1030,1030,9/16/2013,914,16595,15000 to 24999
1031,1031,9/16/2014,1438,27686,25000 to 49999
1032,1032,9/16/2015,1239,15314,15000 to 24999
1033,1033,9/17/2013,1073,19346,15000 to 24999
1034,1034,9/17/2014,1429,19825,15000 to 24999
1035,1035,9/17/2015,1312,15441,15000 to 24999
1036,1036,9/18/2013,1110,17695,15000 to 24999
1037,1037,9/18/2014,1186,14879,10000 to 14999
1038,1038,9/18/2015,1272,19401,15000 to 24999
1039,1039,9/19/2013,1044,15934,15000 to 24999
1040,1040,9/19/2014,1245,16067,15000 to 24999
1041,1041,9/19/2015,402,13705,10000 to 14999
1042,1042,9/2/2013,661,25727,25000 to 49999
1043,1043,9/2/2014,1319,17268,15000 to 24999
1044,1044,9/2/2015,1313,14705,10000 to 14999
1045,1045,9/20/2013,1102,18398,15000 to 24999
1046,1046,9/20/2014,427,11569,10000 to 14999
1047,1047,9/20/2015,325,10337,10000 to 14999
1048,1048,9/21/2013,388,11746,10000 to 14999
1049,1049,9/21/2014,313,11756,10000 to 14999
1050,1050,9/21/2015,1343,15839,15000 to 24999
1051,1051,9/22/2013,584,27215,25000 to 49999
1052,1052,9/22/2014,1353,19519,15000 to 24999
1053,1053,9/22/2015,1355,14662,10000 to 14999
1054,1054,9/23/2013,1050,27942,25000 to 49999
1055,1055,9/23/2014,1362,16689,15000 to 24999
1056,1056,9/23/2015,1230,16511,15000 to 24999
1057,1057,9/24/2013,1075,18391,15000 to 24999
1058,1058,9/24/2014,1301,20130,15000 to 24999
1059,1059,9/24/2015,1342,18238,15000 to 24999
1060,1060,9/25/2013,1264,23546,15000 to 24999
1061,1061,9/25/2014,1177,17673,15000 to 24999
1062,1062,9/25/2015,1280,20427,15000 to 24999
1063,1063,9/26/2013,1082,21773,15000 to 24999
1064,1064,9/26/2014,1242,18821,15000 to 24999
1065,1065,9/26/2015,364,17911,15000 to 24999
1066,1066,9/27/2013,1101,23683,15000 to 24999
1067,1067,9/27/2014,464,11307,10000 to 14999
1068,1068,9/27/2015,349,14680,10000 to 14999
1069,1069,9/28/2013,612,19800,15000 to 24999
1070,1070,9/28/2014,376,23302,15000 to 24999
1071,1071,9/28/2015,1304,15700,15000 to 24999
1072,1072,9/29/2013,517,15182,15000 to 24999
1073,1073,9/29/2014,1335,15652,15000 to 24999
1074,1074,9/29/2015,1408,16809,15000 to 24999
1075,1075,9/3/2013,597,17351,15000 to 24999
1076,1076,9/3/2014,1404,15637,15000 to 24999
1077,1077,9/3/2015,1294,16957,15000 to 24999
1078,1078,9/30/2013,976,19281,15000 to 24999
1079,1079,9/30/2014,1304,15149,15000 to 24999
1080,1080,9/30/2015,1203,12102,10000 to 14999
1081,1081,9/4/2013,606,17895,15000 to 24999
1082,1082,9/4/2014,1389,16094,15000 to 24999
1083,1083,9/4/2015,1129,13542,10000 to 14999
1084,1084,9/5/2013,677,16070,15000 to 24999
1085,1085,9/5/2014,1265,19160,15000 to 24999
1086,1086,9/5/2015,386,12370,10000 to 14999
1087,1087,9/6/2013,814,22249,15000 to 24999
1088,1088,9/6/2014,435,13037,10000 to 14999
1089,1089,9/6/2015,318,12304,10000 to 14999
1090,1090,9/7/2013,796,32397,25000 to 49999
1091,1091,9/7/2014,336,14917,10000 to 14999
1092,1092,9/7/2015,318,12101,10000 to 14999
1093,1093,9/8/2013,704,30955,25000 to 49999
1094,1094,9/8/2014,1305,26584,25000 to 49999
1095,1095,9/8/2015,1333,15474,15000 to 24999
1096,1096,9/9/2013,769,18543,15000 to 24999
1097,1097,9/9/2014,1362,22408,15000 to 24999
1098,1098,9/9/2015,1405,18680,15000 to 24999
