,Date,NumRides,TotalMinutes,MinCategorize,PrecipIn,Weekdays,Humidity,Temperature,CloudCover 
0,1/1/2014,359,16462,6,0.0,2,7,8,4
1,1/1/2015,181,6382,3,0.0,3,6,9,2
2,1/1/2016,98,4039,3,0.0,4,6,8,0
3,1/10/2014,983,13948,5,0.0,4,6,8,2
4,1/10/2015,362,14389,5,0.0,5,7,8,5
5,1/10/2016,133,3504,2,0.0,6,5,8,1
6,1/11/2014,247,12293,5,0.0,5,6,7,1
7,1/11/2015,327,9229,4,0.0,6,6,7,1
8,1/11/2016,1060,10649,5,0.0,0,5,8,0
9,1/12/2014,351,16102,6,0.0,6,3,9,0
10,1/12/2015,1344,14025,5,0.0,0,5,8,0
11,1/12/2016,1090,12543,5,0.0,1,6,9,1
12,1/13/2014,1015,15798,6,0.0,0,6,8,2
13,1/13/2015,1368,15812,6,0.0,1,6,7,4
14,1/13/2016,1033,10033,5,0.0,2,7,7,5
15,1/14/2014,1027,12268,5,0.0,1,7,7,4
16,1/14/2015,1296,14767,5,0.0,2,7,7,4
17,1/14/2016,838,10666,5,0.0,3,7,7,3
18,1/15/2014,1100,12704,5,0.0,2,7,8,4
19,1/15/2015,1229,14341,5,0.0,3,5,7,1
20,1/15/2016,966,9568,4,0.0,4,5,7,0
21,1/16/2014,1097,17151,6,0.0,3,4,8,0
22,1/16/2015,1082,19387,6,0.0,4,6,7,2
23,1/16/2016,162,3083,2,1.0,5,8,6,6
24,1/17/2014,1014,13937,5,0.0,4,7,6,2
25,1/17/2015,319,11673,5,0.0,5,6,7,0
26,1/17/2016,104,2110,2,0.0,6,6,7,1
27,1/18/2014,443,16437,6,0.0,5,5,6,1
28,1/18/2015,275,11394,5,0.0,6,4,6,0
29,1/18/2016,417,6152,3,0.0,0,4,6,0
30,1/19/2014,397,13830,5,0.0,6,5,7,1
31,1/19/2015,619,7825,4,0.0,0,7,7,2
32,1/19/2016,593,13101,5,0.0,1,8,7,3
33,1/2/2014,767,12021,5,0.0,3,5,6,3
34,1/2/2015,428,15441,6,0.0,4,5,6,1
35,1/2/2016,154,4783,3,0.0,5,4,6,0
36,1/20/2014,615,10972,5,0.0,0,1,8,0
37,1/20/2015,1213,11352,5,0.0,1,1,7,0
38,1/20/2016,1107,16772,6,0.0,2,2,7,4
39,1/21/2014,1011,13961,5,0.0,1,2,7,2
40,1/21/2015,1314,15626,6,0.0,2,5,6,2
41,1/21/2016,1089,12299,5,0.0,3,6,5,2
42,1/22/2014,1071,12573,5,0.0,2,5,6,1
43,1/22/2015,1224,14158,5,0.0,3,7,5,0
44,1/22/2016,513,7366,3,0.0,4,7,5,1
45,1/23/2014,1094,13930,5,0.0,3,6,6,1
46,1/23/2015,1164,12118,5,0.0,4,4,6,0
47,1/23/2016,236,5128,3,0.0,5,3,6,0
48,1/24/2014,1021,11984,5,0.0,4,3,7,1
49,1/24/2015,420,12834,5,0.0,5,3,7,0
50,1/24/2016,226,6514,3,0.0,6,5,6,0
51,1/25/2014,444,25072,7,0.0,5,5,6,0
52,1/25/2015,259,10608,5,0.0,6,7,6,3
53,1/25/2016,1127,11514,5,0.0,0,8,6,3
54,1/26/2014,390,9644,4,0.0,6,7,6,4
55,1/26/2015,1249,24870,6,0.0,0,9,6,5
56,1/26/2016,1114,10986,5,0.0,1,9,5,5
57,1/27/2014,959,8178,4,0.0,0,7,5,5
58,1/27/2015,1260,13802,5,0.0,1,6,6,1
59,1/27/2016,1131,12957,5,0.0,2,8,5,5
60,1/28/2014,1026,16995,6,0.0,1,6,5,6
61,1/28/2015,1345,17748,6,0.0,2,7,5,4
62,1/28/2016,1095,11932,5,0.0,3,7,5,1
63,1/29/2014,952,10023,5,0.0,2,6,5,0
64,1/29/2015,1295,14971,5,0.0,3,4,6,0
65,1/29/2016,590,6806,3,0.0,4,6,5,2
66,1/3/2014,779,15862,6,0.0,4,5,5,4
67,1/3/2015,283,9023,4,0.0,5,5,4,0
68,1/3/2016,135,5527,3,0.0,6,4,5,1
69,1/30/2014,946,11682,5,0.0,3,3,6,4
70,1/30/2015,1193,22966,6,0.0,4,4,6,2
71,1/30/2016,318,6001,3,0.0,5,7,5,2
72,1/31/2014,839,12165,5,0.0,4,5,6,1
73,1/31/2015,375,13541,5,0.0,5,8,5,3
74,1/31/2016,213,4666,3,0.0,6,8,5,7
75,1/4/2014,356,9834,4,0.0,5,6,6,3
76,1/4/2015,206,9285,4,0.0,6,6,6,3
77,1/4/2016,765,8071,4,0.0,0,9,5,6
78,1/5/2014,296,7312,3,0.0,6,6,5,1
79,1/5/2015,1186,12575,5,0.0,0,6,4,2
80,1/5/2016,632,5789,3,0.0,1,7,4,3
81,1/6/2014,915,12527,5,0.0,0,7,4,5
82,1/6/2015,1255,13559,5,1.0,1,8,5,7
83,1/6/2016,562,4908,3,1.0,2,10,5,7
84,1/7/2014,967,10707,5,1.0,1,6,5,5
85,1/7/2015,1301,14118,5,0.0,2,1,5,2
86,1/7/2016,978,9295,4,0.0,3,4,4,0
87,1/8/2014,967,13029,5,0.0,2,6,4,0
88,1/8/2015,1295,16231,6,0.0,3,6,4,1
89,1/8/2016,909,9449,4,0.0,4,6,4,5
90,1/9/2014,980,13335,5,0.0,3,7,4,4
91,1/9/2015,1173,12792,5,0.0,4,6,5,2
92,1/9/2016,132,2332,2,0.0,5,6,5,0
93,10/1/2013,1072,19109,6,0.0,1,7,4,1
94,10/1/2014,1393,17486,6,0.0,2,6,5,0
95,10/1/2015,1253,14985,5,0.0,3,8,4,4
96,10/10/2013,1086,17741,6,0.0,3,7,3,5
97,10/10/2014,1299,27369,7,0.0,4,5,2,0
98,10/10/2015,393,12983,5,0.0,5,4,2,0
99,10/11/2013,1014,16090,6,1.0,4,6,2,5
100,10/11/2014,552,25763,7,1.0,5,6,2,2
101,10/11/2015,483,21705,6,0.0,6,5,1,2
102,10/12/2013,665,19374,6,0.0,5,4,1,0
103,10/12/2014,447,19604,6,0.0,6,5,2,1
104,10/12/2015,1142,14063,5,0.0,0,5,2,0
105,10/13/2013,572,25368,7,0.0,6,5,2,1
106,10/13/2014,1261,14299,5,0.0,0,6,3,2
107,10/13/2015,1397,17240,6,0.0,1,6,3,0
108,10/14/2013,1050,24951,6,0.0,0,6,3,3
109,10/14/2014,1496,17526,6,0.0,1,5,4,4
110,10/14/2015,1371,17845,6,0.0,2,5,4,5
111,10/15/2013,1173,22518,6,0.0,1,7,4,4
112,10/15/2014,1384,18532,6,0.0,2,6,4,3
113,10/15/2015,1283,14567,5,0.0,3,2,3,1
114,10/16/2013,1165,21057,6,0.0,2,6,3,0
115,10/16/2014,1462,17367,6,0.0,3,6,4,0
116,10/16/2015,1190,16950,6,0.0,4,6,4,0
117,10/17/2013,1227,27040,7,0.0,3,5,4,1
118,10/17/2014,1257,23000,6,0.0,4,5,4,0
119,10/17/2015,292,9556,4,0.0,5,5,4,0
120,10/18/2013,1103,19866,6,0.0,4,7,3,4
121,10/18/2014,474,19951,6,0.0,5,5,4,0
122,10/18/2015,259,12079,5,0.0,6,4,4,0
123,10/19/2013,635,20191,6,0.0,5,4,4,3
124,10/19/2014,418,21391,6,0.0,6,7,3,4
125,10/19/2015,1292,16731,6,0.0,0,6,3,2
126,10/2/2013,1061,15482,6,0.0,2,5,4,2
127,10/2/2014,1452,23534,6,0.0,3,5,4,3
128,10/2/2015,1195,17058,6,0.0,4,5,4,1
129,10/20/2013,452,19607,6,0.0,6,3,4,0
130,10/20/2014,1266,16900,6,0.0,0,5,4,5
131,10/20/2015,1403,16840,6,0.0,1,5,4,4
132,10/21/2013,1015,13917,5,0.0,0,9,4,7
133,10/21/2014,1410,15783,6,1.0,1,8,4,6
134,10/21/2015,1328,15197,6,0.0,2,7,4,3
135,10/22/2013,1026,12350,5,0.0,1,8,4,4
136,10/22/2014,1319,16892,6,0.0,2,7,4,3
137,10/22/2015,1328,15438,6,0.0,3,4,5,0
138,10/23/2013,1029,12212,5,0.0,2,3,5,0
139,10/23/2014,1389,18502,6,0.0,3,2,5,0
140,10/23/2015,1204,13420,5,0.0,4,3,5,0
141,10/24/2013,1053,11837,5,0.0,3,3,4,0
142,10/24/2014,1427,23836,6,0.0,4,4,4,0
143,10/24/2015,345,10942,5,0.0,5,3,4,1
144,10/25/2013,1048,16514,6,0.0,4,3,4,1
145,10/25/2014,406,11849,5,0.0,5,4,4,3
146,10/25/2015,295,11775,5,0.0,6,4,5,0
147,10/26/2013,501,26499,7,0.0,5,4,4,0
148,10/26/2014,470,15317,6,0.0,6,5,4,3
149,10/26/2015,1260,13129,5,0.0,0,4,5,1
150,10/27/2013,292,11947,5,0.0,6,5,5,2
151,10/27/2014,1393,14937,5,0.0,0,8,5,7
152,10/27/2015,1270,12722,5,0.0,1,7,5,7
153,10/28/2013,967,10871,5,1.0,0,9,6,7
154,10/28/2014,1419,15398,6,1.0,1,8,5,6
155,10/28/2015,1235,13142,5,0.0,2,6,4,3
156,10/29/2013,1008,13109,5,0.0,1,4,3,1
157,10/29/2014,1496,17847,6,1.0,2,8,3,5
158,10/29/2015,1310,15751,6,0.0,3,7,3,3
159,10/3/2013,1158,21792,6,0.0,3,7,3,4
160,10/3/2014,1194,15495,6,1.0,4,6,3,6
161,10/3/2015,304,13236,5,1.0,5,9,4,7
162,10/30/2013,1122,12696,5,1.0,2,10,4,7
163,10/30/2014,1411,30275,7,1.0,3,8,5,7
164,10/30/2015,1229,15490,6,1.0,4,8,6,8
165,10/31/2013,1150,18297,6,1.0,3,9,5,7
166,10/31/2014,848,15719,6,0.0,4,8,5,7
167,10/31/2015,263,7017,3,0.0,5,8,5,7
168,10/4/2013,1088,18826,6,0.0,4,8,5,5
169,10/4/2014,418,13427,5,0.0,5,9,5,7
170,10/4/2015,309,9114,4,1.0,6,8,5,6
171,10/5/2013,716,28897,7,1.0,5,7,5,5
172,10/5/2014,324,11499,5,0.0,6,6,4,3
173,10/5/2015,1287,14890,5,0.0,0,6,4,5
174,10/6/2013,606,23134,6,1.0,6,7,5,4
175,10/6/2014,1169,12918,5,0.0,0,5,5,3
176,10/6/2015,1326,14861,5,0.0,1,5,5,1
177,10/7/2013,964,16648,6,0.0,0,6,5,2
178,10/7/2014,1293,16673,6,0.0,1,6,5,3
179,10/7/2015,1326,15960,6,0.0,2,6,5,1
180,10/8/2013,1018,23809,6,0.0,1,8,5,4
181,10/8/2014,1367,14817,5,1.0,2,9,5,7
182,10/8/2015,1285,17522,6,1.0,3,6,5,6
183,10/9/2013,1069,16483,6,1.0,2,8,5,7
184,10/9/2014,1306,12764,5,1.0,3,7,5,5
185,10/9/2015,1196,17353,6,1.0,4,7,5,5
186,11/1/2013,1120,18534,6,1.0,4,9,5,6
187,11/1/2014,395,11551,5,0.0,5,8,6,7
188,11/1/2015,240,6203,3,0.0,6,7,6,7
189,11/10/2013,482,16134,6,1.0,6,7,6,6
190,11/10/2014,1304,13477,5,0.0,0,7,5,3
191,11/10/2015,1260,15042,6,0.0,1,6,6,4
192,11/11/2013,986,16990,6,0.0,0,4,7,5
193,11/11/2014,1213,13283,5,1.0,1,6,6,4
194,11/11/2015,1128,12283,5,0.0,2,3,6,1
195,11/12/2013,1154,13233,5,0.0,1,1,6,0
196,11/12/2014,1363,14347,5,0.0,2,3,6,0
197,11/12/2015,1238,13389,5,0.0,3,5,5,2
198,11/13/2013,1002,10180,5,0.0,2,5,6,0
199,11/13/2014,1133,12910,5,0.0,3,4,7,2
200,11/13/2015,1166,13787,5,0.0,4,6,5,3
201,11/14/2013,1115,15686,6,0.0,3,4,5,0
202,11/14/2014,1210,13036,5,0.0,4,3,6,3
203,11/14/2015,320,9545,4,0.0,5,4,6,4
204,11/15/2013,1131,23534,6,0.0,4,6,5,2
205,11/15/2014,384,16145,6,0.0,5,6,5,1
206,11/15/2015,197,5480,3,0.0,6,6,5,3
207,11/16/2013,474,16597,6,0.0,5,5,6,0
208,11/16/2014,267,5478,3,1.0,6,6,5,4
209,11/16/2015,1220,14730,5,1.0,0,7,5,5
210,11/17/2013,406,12735,5,0.0,6,7,5,5
211,11/17/2014,1304,14102,5,0.0,0,6,6,5
212,11/17/2015,1207,12596,5,1.0,1,9,5,6
213,11/18/2013,1008,16470,6,1.0,0,7,5,5
214,11/18/2014,1322,13117,5,1.0,1,8,4,5
215,11/18/2015,1253,13159,5,1.0,2,8,4,6
216,11/19/2013,750,7483,3,1.0,1,7,4,2
217,11/19/2014,906,8716,4,0.0,2,6,5,4
218,11/19/2015,1145,11202,5,1.0,3,7,5,6
219,11/2/2013,544,20192,6,0.0,5,6,5,3
220,11/2/2014,372,14294,5,0.0,6,6,6,2
221,11/2/2015,863,8662,4,0.0,0,5,7,0
222,11/20/2013,625,7911,4,0.0,2,5,8,4
223,11/20/2014,886,9724,4,0.0,3,6,7,4
224,11/20/2015,1172,18434,6,0.0,4,6,7,5
225,11/21/2013,1102,11978,5,0.0,3,8,6,6
226,11/21/2014,1210,13107,5,0.0,4,5,6,4
227,11/21/2015,277,8342,4,0.0,5,6,7,3
228,11/22/2013,995,14803,5,0.0,4,5,6,2
229,11/22/2014,343,11002,5,0.0,5,7,5,3
230,11/22/2015,244,6540,3,0.0,6,5,6,2
231,11/23/2013,525,19149,6,0.0,5,6,6,3
232,11/23/2014,235,4168,3,0.0,6,6,6,2
233,11/23/2015,1052,10757,5,0.0,0,6,6,2
234,11/24/2013,348,11990,5,0.0,6,5,7,1
235,11/24/2014,1285,15287,6,0.0,0,5,6,5
236,11/24/2015,911,9657,4,0.0,1,5,5,4
237,11/25/2013,1019,11497,5,0.0,0,5,5,3
238,11/25/2014,1183,17547,6,0.0,1,6,5,5
239,11/25/2015,652,5908,3,1.0,2,8,5,7
240,11/26/2013,1004,14230,5,0.0,1,6,5,6
241,11/26/2014,758,8601,4,0.0,2,6,5,5
242,11/26/2015,106,5380,3,0.0,3,5,6,1
243,11/27/2013,720,11420,5,0.0,2,4,7,3
244,11/27/2014,133,8881,4,0.0,3,3,9,3
245,11/27/2015,171,4741,3,0.0,4,3,9,3
246,11/28/2013,272,16529,6,0.0,3,5,7,4
247,11/28/2014,277,10617,5,0.0,4,7,6,4
248,11/28/2015,188,9419,4,0.0,5,6,6,4
249,11/29/2013,384,32282,7,0.0,4,6,6,4
250,11/29/2014,281,6129,3,0.0,5,4,6,1
251,11/29/2015,165,3994,2,0.0,6,6,5,4
252,11/3/2013,372,15167,6,0.0,6,6,6,6
253,11/3/2014,1347,17064,6,0.0,0,6,6,5
254,11/3/2015,1246,12681,5,0.0,1,5,6,1
255,11/30/2013,307,28862,7,0.0,5,4,6,1
256,11/30/2014,121,4096,3,0.0,6,2,7,2
257,11/30/2015,988,11036,5,0.0,0,2,9,0
258,11/4/2013,1128,19183,6,0.0,0,2,9,2
259,11/4/2014,1302,15481,6,0.0,1,1,8,4
260,11/4/2015,1204,11667,5,0.0,2,5,7,4
261,11/5/2013,1158,15271,6,0.0,1,6,6,4
262,11/5/2014,1382,20186,6,0.0,2,6,6,2
263,11/5/2015,1266,14940,5,0.0,3,5,6,5
264,11/6/2013,1085,14028,5,0.0,2,6,6,5
265,11/6/2014,1410,16321,6,0.0,3,6,7,3
266,11/6/2015,1124,13889,5,0.0,4,6,7,5
267,11/7/2013,1197,21086,6,0.0,3,7,7,5
268,11/7/2014,1301,14798,5,0.0,4,7,7,2
269,11/7/2015,356,10032,5,0.0,5,5,7,1
270,11/8/2013,1172,22707,6,0.0,4,5,7,0
271,11/8/2014,512,17515,6,0.0,5,5,6,0
272,11/8/2015,191,2785,2,0.0,6,4,6,0
273,11/9/2013,634,25006,7,0.0,5,3,7,1
274,11/9/2014,377,13254,5,0.0,6,7,6,2
275,11/9/2015,806,8079,4,0.0,0,5,7,3
276,12/1/2013,329,11717,5,0.0,6,6,7,1
277,12/1/2014,1181,14570,5,0.0,0,7,6,1
278,12/1/2015,1117,10394,5,0.0,1,5,7,1
279,12/10/2013,878,9448,4,0.0,1,6,7,1
280,12/10/2014,1279,13573,5,0.0,2,6,7,1
281,12/10/2015,898,8177,4,0.0,3,6,7,0
282,12/11/2013,903,9869,4,0.0,2,6,7,1
283,12/11/2014,107,2185,2,0.0,3,5,9,0
284,12/11/2015,893,10097,5,0.0,4,6,9,0
285,12/12/2013,966,12738,5,0.0,3,7,7,0
286,12/12/2014,622,22231,6,0.0,4,6,7,1
287,12/12/2015,228,6165,3,0.0,5,6,7,3
288,12/13/2013,962,12788,5,0.0,4,5,7,0
289,12/13/2014,368,11762,5,0.0,5,4,8,2
290,12/13/2015,77,2254,2,0.0,6,6,6,4
291,12/14/2013,392,8882,4,0.0,5,5,6,1
292,12/14/2014,264,18783,6,0.0,6,5,7,1
293,12/14/2015,999,9768,4,0.0,0,3,8,0
294,12/15/2013,319,9216,4,0.0,6,6,7,1
295,12/15/2014,644,18431,6,0.0,0,5,8,4
296,12/15/2015,1050,10446,5,0.0,1,6,6,3
297,12/16/2013,946,16228,6,0.0,0,6,6,1
298,12/16/2014,770,25853,7,0.0,1,6,7,3
299,12/16/2015,1066,13594,5,0.0,2,5,7,1
300,12/17/2013,975,10504,5,0.0,1,7,7,4
301,12/17/2014,809,22160,6,1.0,2,6,7,4
302,12/17/2015,990,11512,5,0.0,3,7,7,3
303,12/18/2013,928,23966,6,0.0,2,6,7,1
304,12/18/2014,1126,11972,5,0.0,3,5,8,0
305,12/18/2015,801,8027,4,0.0,4,5,9,4
306,12/19/2013,935,10352,5,0.0,3,6,7,1
307,12/19/2014,532,6411,3,0.0,4,6,7,2
308,12/19/2015,245,4696,3,0.0,5,7,7,0
309,12/2/2013,878,8933,4,0.0,0,6,7,0
310,12/2/2014,491,4229,3,0.0,1,6,8,2
311,12/2/2015,1096,10665,5,0.0,2,6,8,1
312,12/20/2013,867,12520,5,0.0,4,6,8,4
313,12/20/2014,305,6176,3,0.0,5,6,8,2
314,12/20/2015,51,959,1,0.0,6,6,7,0
315,12/21/2013,354,10050,5,0.0,5,6,7,1
316,12/21/2014,246,11192,5,0.0,6,6,7,2
317,12/21/2015,341,3435,2,0.0,0,7,7,4
318,12/22/2013,307,15005,6,0.0,6,7,7,5
319,12/22/2014,1021,15323,6,0.0,0,6,8,3
320,12/22/2015,539,5108,3,0.0,1,7,8,4
321,12/23/2013,651,12270,5,0.0,0,7,8,3
322,12/23/2014,806,14913,5,0.0,1,7,7,1
323,12/23/2015,563,10166,5,0.0,2,7,7,3
324,12/24/2013,336,13460,5,0.0,1,7,8,5
325,12/24/2014,308,4575,3,0.0,2,7,8,5
326,12/24/2015,124,1964,1,0.0,3,6,8,3
327,12/25/2013,360,20167,6,0.0,2,6,8,4
328,12/25/2014,150,8360,4,0.0,3,6,7,2
329,12/25/2015,106,5216,3,0.0,4,6,8,1
330,12/26/2013,422,11255,5,0.0,3,4,9,1
331,12/26/2014,329,13609,5,0.0,4,5,9,2
332,12/26/2015,128,4343,3,0.0,5,6,8,3
333,12/27/2013,425,8473,4,0.0,4,7,8,4
334,12/27/2014,231,10110,5,0.0,5,6,8,1
335,12/27/2015,146,4101,3,0.0,6,8,8,2
336,12/28/2013,403,16229,6,0.0,5,8,8,4
337,12/28/2014,297,12716,5,0.0,6,7,8,2
338,12/28/2015,475,5055,3,0.0,0,8,7,4
339,12/29/2013,318,15640,6,0.0,6,8,7,6
340,12/29/2014,627,9674,4,0.0,0,6,7,5
341,12/29/2015,502,9299,4,0.0,1,7,8,5
342,12/3/2013,917,9320,4,0.0,1,6,8,4
343,12/3/2014,804,7534,4,0.0,2,7,8,3
344,12/3/2015,898,8773,4,0.0,3,6,7,3
345,12/30/2013,605,14693,5,0.0,0,7,7,2
346,12/30/2014,486,6836,3,0.0,1,6,8,5
347,12/30/2015,319,4549,3,0.0,2,7,7,1
348,12/31/2013,505,18929,6,0.0,1,6,7,3
349,12/31/2014,386,9497,4,0.0,2,6,8,3
350,12/31/2015,264,3700,2,0.0,3,7,8,3
351,12/4/2013,992,11137,5,0.0,2,6,7,1
352,12/4/2014,1125,32565,7,0.0,3,7,8,3
353,12/4/2015,992,9866,4,0.0,4,7,7,3
354,12/5/2013,936,12462,5,0.0,3,7,7,4
355,12/5/2014,980,11352,5,0.0,4,6,8,5
356,12/5/2015,213,3304,2,0.0,5,6,8,3
357,12/6/2013,727,13420,5,0.0,4,6,8,0
358,12/6/2014,419,297519,9,0.0,5,6,8,1
359,12/6/2015,105,2234,2,0.0,6,6,8,3
360,12/7/2013,277,4321,3,0.0,5,7,7,2
361,12/7/2014,296,10173,5,0.0,6,6,7,3
362,12/7/2015,1027,10760,5,0.0,0,6,7,1
363,12/8/2013,274,3868,2,0.0,6,6,8,0
364,12/8/2014,1363,16940,6,0.0,0,6,8,2
365,12/8/2015,1109,12073,5,0.0,1,6,8,6
366,12/9/2013,807,7854,4,0.0,0,6,8,1
367,12/9/2014,1305,14287,5,0.0,1,6,8,0
368,12/9/2015,1028,10152,5,0.0,2,5,8,0
369,2/1/2014,383,14243,5,0.0,5,7,7,0
370,2/1/2015,251,6072,3,0.0,6,7,7,3
371,2/1/2016,1013,11656,5,0.0,0,6,8,4
372,2/10/2014,803,9944,4,0.0,0,7,7,2
373,2/10/2015,1368,14191,5,0.0,1,7,7,3
374,2/10/2016,1167,12413,5,0.0,2,7,7,3
375,2/11/2014,939,10595,5,0.0,1,7,6,3
376,2/11/2015,1343,13366,5,0.0,2,7,7,2
377,2/11/2016,1176,12717,5,0.0,3,6,8,1
378,2/12/2014,1015,13901,5,0.0,2,5,8,1
379,2/12/2015,1305,12860,5,0.0,3,6,8,1
380,2/12/2016,1063,13639,5,0.0,4,7,8,4
381,2/13/2014,937,11467,5,0.0,3,6,7,2
382,2/13/2015,1295,22668,6,0.0,4,7,7,2
383,2/13/2016,353,12218,5,0.0,5,5,7,1
384,2/14/2014,958,19899,6,0.0,4,6,8,3
385,2/14/2015,563,30390,7,0.0,5,7,8,5
386,2/14/2016,341,15495,6,0.0,6,8,8,3
387,2/15/2014,415,13900,5,0.0,5,8,8,4
388,2/15/2015,375,24062,6,0.0,6,7,7,5
389,2/15/2016,463,10399,5,0.0,0,6,8,5
390,2/16/2014,415,12780,5,0.0,6,7,7,4
391,2/16/2015,543,10611,5,0.0,0,7,8,4
392,2/16/2016,1155,11574,5,1.0,1,8,7,6
393,2/17/2014,464,12082,5,0.0,0,7,7,4
394,2/17/2015,1279,15955,6,0.0,1,6,7,3
395,2/17/2016,973,9254,4,0.0,2,7,7,4
396,2/18/2014,1013,15367,6,0.0,1,8,7,4
397,2/18/2015,1238,17556,6,0.0,2,6,7,1
398,2/18/2016,1036,10648,5,0.0,3,5,8,0
399,2/19/2014,1012,12875,5,0.0,2,3,8,0
400,2/19/2015,1172,14083,5,0.0,3,2,9,0
401,2/19/2016,904,8983,4,0.0,4,2,9,1
402,2/2/2014,128,3396,2,0.0,6,2,8,1
403,2/2/2015,1312,14340,5,0.0,0,5,8,1
404,2/2/2016,865,8617,4,0.0,1,6,7,2
405,2/20/2014,974,14591,5,0.0,3,5,8,1
406,2/20/2015,1101,15672,6,0.0,4,7,7,2
407,2/20/2016,307,8701,4,0.0,5,8,6,5
408,2/21/2014,937,14832,5,0.0,4,6,7,3
409,2/21/2015,333,12329,5,0.0,5,5,8,0
410,2/21/2016,235,5522,3,0.0,6,4,8,1
411,2/22/2014,466,20897,6,0.0,5,7,6,4
412,2/22/2015,289,14698,5,0.0,6,6,7,5
413,2/22/2016,1187,17561,6,0.0,0,6,6,5
414,2/23/2014,317,12398,5,0.0,6,6,6,4
415,2/23/2015,1280,13711,5,0.0,0,6,7,0
416,2/23/2016,1182,15578,6,0.0,1,8,7,4
417,2/24/2014,1011,18481,6,0.0,0,8,6,5
418,2/24/2015,1169,12799,5,0.0,1,6,5,2
419,2/24/2016,1163,12343,5,0.0,2,6,6,4
420,2/25/2014,1090,16385,6,0.0,1,6,7,3
421,2/25/2015,1209,13087,5,0.0,2,7,7,2
422,2/25/2016,1176,12425,5,1.0,3,8,6,5
423,2/26/2014,392,4100,3,0.0,2,6,6,3
424,2/26/2015,1242,20462,6,0.0,3,6,5,2
425,2/26/2016,1034,14093,5,0.0,4,6,6,0
426,2/27/2014,872,12928,5,0.0,3,6,6,1
427,2/27/2015,1092,25634,7,0.0,4,4,7,5
428,2/27/2016,337,9827,4,1.0,5,9,5,7
429,2/28/2014,538,11067,5,1.0,4,8,5,4
430,2/28/2015,330,7089,3,0.0,5,7,5,1
431,2/28/2016,242,7052,3,0.0,6,6,5,3
432,2/29/2016,1152,13668,5,0.0,0,7,5,2
433,2/3/2014,962,11028,5,0.0,0,5,6,2
434,2/3/2015,1363,16333,6,0.0,1,6,6,3
435,2/3/2016,1042,11647,5,0.0,2,8,6,3
436,2/4/2014,994,17951,6,0.0,1,7,6,3
437,2/4/2015,1364,13367,5,0.0,2,6,6,1
438,2/4/2016,1062,14661,5,0.0,3,8,6,3
439,2/5/2014,862,10829,5,0.0,2,7,5,6
440,2/5/2015,1272,12272,5,0.0,3,6,6,7
441,2/5/2016,948,11890,5,1.0,4,8,6,7
442,2/6/2014,486,7460,3,0.0,3,8,5,4
443,2/6/2015,608,5362,3,0.0,4,8,5,4
444,2/6/2016,410,11701,5,0.0,5,5,5,5
445,2/7/2014,466,3991,2,0.0,4,4,4,3
446,2/7/2015,318,7116,3,0.0,5,4,5,5
447,2/7/2016,270,7342,3,0.0,6,6,5,5
448,2/8/2014,94,3323,2,1.0,5,10,5,6
449,2/8/2015,141,27123,7,1.0,6,8,5,6
450,2/8/2016,1160,14169,5,1.0,0,9,5,6
451,2/9/2014,81,1538,1,0.0,6,6,5,2
452,2/9/2015,1246,13995,5,0.0,0,6,4,1
453,2/9/2016,1144,12880,5,0.0,1,4,4,1
454,3/1/2014,318,12049,5,0.0,5,6,5,1
455,3/1/2015,338,11596,5,0.0,6,6,5,2
456,3/1/2016,1256,12804,5,0.0,1,6,4,3
457,3/10/2014,980,15332,6,1.0,0,9,5,7
458,3/10/2015,1184,14512,5,1.0,1,10,5,5
459,3/10/2016,691,6660,3,1.0,3,9,5,4
460,3/11/2014,1112,16613,6,1.0,1,10,5,7
461,3/11/2015,1214,16116,6,1.0,2,10,6,7
462,3/11/2016,520,6463,3,1.0,4,9,6,5
463,3/12/2014,1044,15789,6,1.0,2,10,6,7
464,3/12/2015,1328,17201,6,1.0,3,8,6,6
465,3/12/2016,176,4908,3,0.0,5,9,5,5
466,3/13/2014,1133,14213,5,0.0,3,8,6,4
467,3/13/2015,1208,16994,6,0.0,4,10,5,6
468,3/13/2016,50,542,1,0.0,6,9,5,6
469,3/14/2014,1022,12913,5,1.0,4,8,5,8
470,3/14/2015,479,29915,7,1.0,5,9,4,7
471,3/14/2016,1119,13335,5,0.0,0,9,4,4
472,3/15/2014,504,28129,7,1.0,5,8,4,5
473,3/15/2015,377,11936,5,1.0,6,10,4,7
474,3/15/2016,1206,14876,5,1.0,1,8,5,6
475,3/16/2014,445,18247,6,1.0,6,9,4,6
476,3/16/2015,1295,13840,5,0.0,0,7,5,6
477,3/16/2016,1189,15285,6,1.0,2,9,5,7
478,3/17/2014,1002,16553,6,1.0,0,9,5,8
479,3/17/2015,1365,16591,6,0.0,1,10,5,7
480,3/17/2016,1114,18554,6,0.0,3,9,5,5
481,3/18/2014,1139,13448,5,1.0,1,8,5,2
482,3/18/2015,1319,16860,6,1.0,2,9,4,4
483,3/18/2016,1011,15121,6,0.0,4,5,4,0
484,3/19/2014,1161,14982,5,0.0,2,5,3,0
485,3/19/2015,1363,16180,6,0.0,3,5,2,3
486,3/19/2016,308,8906,4,0.0,5,7,3,2
487,3/2/2014,208,8552,4,0.0,6,7,4,4
488,3/2/2015,1209,11824,5,0.0,0,4,3,1
489,3/2/2016,1177,13369,5,0.0,2,1,3,1
490,3/20/2014,1127,13196,5,0.0,3,4,2,0
491,3/20/2015,1206,19523,6,0.0,4,5,2,1
492,3/20/2016,185,4896,3,0.0,6,6,2,1
493,3/21/2014,1010,25252,7,0.0,4,7,3,3
494,3/21/2015,375,10710,5,0.0,5,7,3,4
495,3/21/2016,912,10889,5,0.0,0,6,4,1
496,3/22/2014,422,22048,6,0.0,5,6,4,2
497,3/22/2015,280,7904,4,0.0,6,7,4,5
498,3/22/2016,1144,14151,5,0.0,1,7,5,5
499,3/23/2014,373,20677,6,0.0,6,8,4,4
500,3/23/2015,1247,16635,6,0.0,0,10,4,6
501,3/23/2016,1215,14414,5,1.0,2,8,4,2
502,3/24/2014,1012,15732,6,0.0,0,7,4,3
503,3/24/2015,1340,17228,6,0.0,1,6,4,4
504,3/24/2016,1210,18186,6,0.0,3,7,4,4
505,3/25/2014,927,10520,5,0.0,1,8,4,5
506,3/25/2015,1409,19891,6,0.0,2,9,4,6
507,3/25/2016,952,17772,6,0.0,4,9,5,5
508,3/26/2014,716,7607,4,1.0,2,9,4,6
509,3/26/2015,1348,18018,6,0.0,3,8,4,4
510,3/26/2016,365,8640,4,0.0,5,7,4,1
511,3/27/2014,1071,17012,6,0.0,3,8,3,2
512,3/27/2015,1264,16863,6,0.0,4,6,4,0
513,3/27/2016,222,8843,4,0.0,6,5,5,0
514,3/28/2014,974,14835,5,0.0,4,7,4,1
515,3/28/2015,512,24989,6,0.0,5,6,4,4
516,3/28/2016,1094,12767,5,0.0,0,5,5,6
517,3/29/2014,117,6913,3,0.0,5,7,5,3
518,3/29/2015,362,10103,5,0.0,6,8,4,4
519,3/29/2016,1161,14573,5,0.0,1,7,5,4
520,3/3/2014,746,8161,4,0.0,0,6,5,0
521,3/3/2015,1299,17074,6,0.0,1,5,4,5
522,3/3/2016,989,10396,5,0.0,3,6,5,3
523,3/30/2014,391,15243,6,0.0,6,6,6,4
524,3/30/2015,1403,18016,6,0.0,0,6,5,4
525,3/30/2016,1134,11876,5,0.0,2,7,6,5
526,3/31/2014,697,8427,4,1.0,0,8,6,6
527,3/31/2015,1354,17713,6,1.0,1,9,6,6
528,3/31/2016,1099,12088,5,1.0,3,9,6,6
529,3/4/2014,944,12648,5,1.0,1,8,5,4
530,3/4/2015,1243,13312,5,0.0,2,8,4,3
531,3/4/2016,764,7854,4,0.0,4,7,5,4
532,3/5/2014,979,15055,6,0.0,2,7,5,3
533,3/5/2015,1225,13890,5,0.0,3,6,6,2
534,3/5/2016,68,673,1,0.0,5,6,6,1
535,3/6/2014,1015,17025,6,0.0,3,5,6,2
536,3/6/2015,1245,19186,6,0.0,4,7,6,3
537,3/6/2016,163,3845,2,0.0,6,9,5,8
538,3/7/2014,988,13996,5,0.0,4,8,5,5
539,3/7/2015,396,16683,6,0.0,5,8,6,6
540,3/7/2016,987,11448,5,0.0,0,7,6,4
541,3/8/2014,468,19300,6,0.0,5,5,5,2
542,3/8/2015,394,12186,5,0.0,6,5,5,2
543,3/8/2016,1122,11571,5,0.0,1,1,4,1
544,3/9/2014,548,17415,6,0.0,6,3,4,1
545,3/9/2015,1045,14699,5,0.0,0,6,4,2
546,3/9/2016,955,9102,4,0.0,2,6,5,3
547,4/1/2014,520,5423,3,0.0,1,7,5,4
548,4/1/2015,1379,17717,6,1.0,2,7,4,5
549,4/1/2016,967,11302,5,0.0,4,6,4,1
550,4/10/2014,1033,16212,6,1.0,3,7,4,4
551,4/10/2015,1246,23414,6,0.0,4,7,4,1
552,4/10/2016,197,5705,3,0.0,6,5,5,1
553,4/11/2014,1013,16796,6,0.0,4,4,5,0
554,4/11/2015,407,16876,6,0.0,5,5,5,0
555,4/11/2016,1146,11082,5,0.0,0,5,6,0
556,4/12/2014,463,13934,5,0.0,5,7,6,4
557,4/12/2015,303,8760,4,0.0,6,7,6,5
558,4/12/2016,1181,11066,5,0.0,1,7,6,6
559,4/13/2014,412,13856,5,1.0,6,7,6,6
560,4/13/2015,1337,14539,5,0.0,0,7,6,5
561,4/13/2016,1162,14169,5,0.0,2,6,7,5
562,4/14/2014,1046,13356,5,0.0,0,4,8,4
563,4/14/2015,1331,16479,6,0.0,1,4,7,5
564,4/14/2016,1106,14522,5,0.0,3,6,6,6
565,4/15/2014,1163,15394,6,0.0,1,6,6,4
566,4/15/2015,1359,16994,6,0.0,2,6,6,1
567,4/15/2016,1070,14856,5,0.0,4,5,6,2
568,4/16/2014,1223,15732,6,0.0,2,5,6,5
569,4/16/2015,1359,18358,6,0.0,3,5,6,5
570,4/16/2016,363,14162,5,0.0,5,6,6,6
571,4/17/2014,1145,17975,6,1.0,3,7,6,6
572,4/17/2015,1255,16768,6,0.0,4,6,5,5
573,4/17/2016,252,10338,5,0.0,6,6,6,2
574,4/18/2014,988,33851,7,0.0,4,5,7,0
575,4/18/2015,413,16543,6,0.0,5,8,6,1
576,4/18/2016,1179,17380,6,0.0,0,5,6,2
577,4/19/2014,421,17531,6,0.0,5,5,6,1
578,4/19/2015,325,12748,5,0.0,6,7,6,3
579,4/19/2016,1325,15917,6,0.0,1,5,5,1
580,4/2/2014,987,10776,5,0.0,2,5,5,2
581,4/2/2015,1395,20812,6,0.0,3,4,5,0
582,4/2/2016,299,12888,5,0.0,5,3,5,0
583,4/20/2014,376,22493,6,0.0,6,5,4,2
584,4/20/2015,1299,11816,5,0.0,0,6,4,4
585,4/20/2016,1325,16573,6,0.0,2,5,4,4
586,4/21/2014,1049,12810,5,0.0,0,7,4,5
587,4/21/2015,1371,14139,5,0.0,1,5,5,4
588,4/21/2016,1183,11748,5,0.0,3,5,5,3
589,4/22/2014,1066,13251,5,0.0,1,5,5,2
590,4/22/2015,1376,15402,6,0.0,2,6,5,3
591,4/22/2016,941,13575,5,0.0,4,6,6,1
592,4/23/2014,1089,14135,5,0.0,2,6,5,3
593,4/23/2015,1368,17663,6,0.0,3,3,5,1
594,4/23/2016,294,6956,3,0.0,5,4,6,2
595,4/24/2014,1018,13480,5,0.0,3,3,6,0
596,4/24/2015,1171,11944,5,0.0,4,4,7,0
597,4/24/2016,281,9177,4,0.0,6,6,6,2
598,4/25/2014,599,9586,4,0.0,4,7,6,4
599,4/25/2015,405,13880,5,0.0,5,7,6,5
600,4/25/2016,1167,11187,5,0.0,0,6,6,6
601,4/26/2014,383,16080,6,0.0,5,6,6,4
602,4/26/2015,291,11723,5,0.0,6,6,6,6
603,4/26/2016,1249,14082,5,0.0,1,5,5,4
604,4/27/2014,354,13333,5,1.0,6,8,5,6
605,4/27/2015,1233,15826,6,0.0,0,5,6,2
606,4/27/2016,1162,10611,5,0.0,2,5,7,2
607,4/28/2014,1177,15310,6,0.0,0,7,6,5
608,4/28/2015,1375,16417,6,0.0,1,7,6,1
609,4/28/2016,1221,13286,5,0.0,3,4,7,1
610,4/29/2014,1227,16315,6,0.0,1,5,8,1
611,4/29/2015,1314,26037,7,0.0,2,6,6,2
612,4/29/2016,1090,14262,5,0.0,4,6,6,2
613,4/3/2014,997,12348,5,0.0,3,6,5,4
614,4/3/2015,1155,17376,6,0.0,4,6,6,1
615,4/3/2016,259,11443,5,0.0,6,6,6,1
616,4/30/2014,1222,12846,5,1.0,2,7,4,5
617,4/30/2015,1295,15209,6,0.0,3,6,6,2
618,4/30/2016,270,7194,3,0.0,5,7,6,5
619,4/4/2014,844,11501,5,0.0,4,6,6,5
620,4/4/2015,342,11305,5,0.0,5,7,5,3
621,4/4/2016,1175,16666,6,0.0,0,5,5,4
622,4/5/2014,518,24356,6,0.0,5,5,5,4
623,4/5/2015,216,9569,4,1.0,6,6,6,7
624,4/5/2016,1220,17150,6,0.0,1,7,5,5
625,4/6/2014,378,39303,7,0.0,6,6,5,5
626,4/6/2015,1281,15237,6,0.0,0,6,6,6
627,4/6/2016,1200,14712,5,0.0,2,7,6,7
628,4/7/2014,1123,16927,6,0.0,0,7,6,6
629,4/7/2015,1097,12612,5,0.0,1,6,6,6
630,4/7/2016,1231,14310,5,0.0,3,6,6,7
631,4/8/2014,1268,15586,6,0.0,1,7,6,7
632,4/8/2015,1344,15004,6,0.0,2,6,6,5
633,4/8/2016,986,12558,5,0.0,4,6,6,2
634,4/9/2014,1119,13732,5,0.0,2,7,6,5
635,4/9/2015,1321,16016,6,0.0,3,7,6,5
636,4/9/2016,111,1422,1,0.0,5,6,7,5
637,5/1/2014,1185,16378,6,0.0,3,7,6,6
638,5/1/2015,1282,18523,6,0.0,4,7,6,6
639,5/1/2016,243,8772,4,0.0,6,7,6,6
640,5/10/2014,437,16798,6,0.0,5,7,6,6
641,5/10/2015,267,10105,5,0.0,6,6,7,5
642,5/10/2016,1307,14967,5,0.0,1,7,6,5
643,5/11/2014,336,12086,5,0.0,6,6,6,4
644,5/11/2015,1297,21042,6,0.0,0,6,6,1
645,5/11/2016,1273,15661,6,0.0,2,7,7,2
646,5/12/2014,1180,13674,5,0.0,0,6,7,2
647,5/12/2015,1305,15556,6,0.0,1,6,8,3
648,5/12/2016,1497,18596,6,0.0,3,5,9,1
649,5/13/2014,1235,16294,6,0.0,1,6,8,6
650,5/13/2015,1336,15811,6,1.0,2,8,7,6
651,5/13/2016,1167,15010,6,0.0,4,8,8,5
652,5/14/2014,1182,25084,7,0.0,2,6,8,0
653,5/14/2015,1343,20587,6,0.0,3,6,8,0
654,5/14/2016,393,12698,5,0.0,5,6,7,2
655,5/15/2014,1207,16745,6,0.0,3,7,6,3
656,5/15/2015,1168,21345,6,0.0,4,7,7,2
657,5/15/2016,318,7780,4,0.0,6,6,7,3
658,5/16/2014,1142,25725,7,0.0,4,6,6,1
659,5/16/2015,394,13936,5,0.0,5,5,7,2
660,5/16/2016,1209,13912,5,0.0,0,6,7,4
661,5/17/2014,485,27645,7,0.0,5,7,7,3
662,5/17/2015,328,12662,5,0.0,6,7,6,2
663,5/17/2016,1350,15662,6,0.0,1,6,7,0
664,5/18/2014,418,16000,6,0.0,6,6,7,0
665,5/18/2015,1279,16857,6,0.0,0,5,8,0
666,5/18/2016,1222,13519,5,0.0,2,6,8,2
667,5/19/2014,1111,15578,6,0.0,0,6,7,5
668,5/19/2015,1381,15425,6,0.0,1,8,7,4
669,5/19/2016,1235,13477,5,0.0,3,7,7,5
670,5/2/2014,1037,13904,5,0.0,4,5,9,4
671,5/2/2015,351,42241,7,0.0,5,6,9,4
672,5/2/2016,1197,11939,5,0.0,0,7,8,5
673,5/20/2014,1123,12190,5,0.0,1,7,8,2
674,5/20/2015,1246,24247,6,0.0,2,7,8,3
675,5/20/2016,1103,12719,5,0.0,4,6,8,4
676,5/21/2014,1103,12122,5,0.0,2,7,8,5
677,5/21/2015,1355,17122,6,0.0,3,7,7,5
678,5/21/2016,309,8500,4,0.0,5,7,7,5
679,5/22/2014,1216,15265,6,0.0,3,6,7,7
680,5/22/2015,1129,15092,6,0.0,4,7,7,6
681,5/22/2016,295,10766,5,0.0,6,6,7,3
682,5/23/2014,1092,14549,5,0.0,4,6,7,5
683,5/23/2015,392,16557,6,0.0,5,7,7,4
684,5/23/2016,1126,13960,5,0.0,0,7,7,3
685,5/24/2014,432,13361,5,0.0,5,5,8,3
686,5/24/2015,333,20697,6,0.0,6,7,8,1
687,5/24/2016,1226,13665,5,0.0,1,7,8,2
688,5/25/2014,557,33094,7,0.0,6,6,7,3
689,5/25/2015,324,10742,5,0.0,0,5,9,5
690,5/25/2016,1240,15279,6,0.0,2,6,9,3
691,5/26/2014,450,19046,6,0.0,0,7,7,3
692,5/26/2015,1219,14068,5,0.0,1,7,7,1
693,5/26/2016,1201,13214,5,0.0,3,6,7,3
694,5/27/2014,1204,19755,6,0.0,1,6,7,0
695,5/27/2015,1260,16701,6,0.0,2,7,7,2
696,5/27/2016,988,14945,5,0.0,4,6,8,3
697,5/28/2014,1278,19605,6,0.0,2,5,8,0
698,5/28/2015,1288,20848,6,0.0,3,4,9,0
699,5/28/2016,380,12266,5,0.0,5,4,9,0
700,5/29/2014,1209,20071,6,0.0,3,7,8,3
701,5/29/2015,1203,14380,5,0.0,4,7,8,4
702,5/29/2016,300,10496,5,0.0,6,6,8,2
703,5/3/2014,387,11459,5,0.0,5,7,8,5
704,5/3/2015,346,11869,5,0.0,6,6,7,4
705,5/3/2016,1242,12256,5,0.0,1,6,7,4
706,5/30/2014,1074,16086,6,0.0,4,6,7,4
707,5/30/2015,435,13115,5,1.0,5,7,8,5
708,5/30/2016,266,7159,3,0.0,0,6,8,1
709,5/31/2014,449,22157,6,0.0,5,6,7,3
710,5/31/2015,266,12195,5,0.0,6,6,7,2
711,5/31/2016,1232,12378,5,0.0,1,7,8,3
712,5/4/2014,417,14340,5,1.0,6,7,8,4
713,5/4/2015,1296,14279,5,0.0,0,6,7,1
714,5/4/2016,1239,14959,5,0.0,2,6,8,3
715,5/5/2014,1156,17141,6,0.0,0,6,8,4
716,5/5/2015,1369,15902,6,0.0,1,4,9,4
717,5/5/2016,1219,15085,6,0.0,3,5,10,4
718,5/6/2014,1129,14998,5,0.0,1,5,9,1
719,5/6/2015,1374,17286,6,0.0,2,7,8,2
720,5/6/2016,925,12687,5,0.0,4,7,7,4
721,5/7/2014,1173,15938,6,0.0,2,7,7,4
722,5/7/2015,1360,15737,6,0.0,3,7,8,3
723,5/7/2016,183,6089,3,0.0,5,6,8,4
724,5/8/2014,1052,13182,5,0.0,3,7,7,6
725,5/8/2015,1246,17136,6,0.0,4,7,8,3
726,5/8/2016,225,6176,3,0.0,6,7,8,4
727,5/9/2014,1046,18874,6,0.0,4,5,8,3
728,5/9/2015,368,14333,5,0.0,5,4,9,3
729,5/9/2016,1212,15272,6,0.0,0,6,10,3
730,6/1/2014,468,22133,6,0.0,6,7,8,4
731,6/1/2015,1224,14884,5,0.0,0,6,8,3
732,6/1/2016,1171,11762,5,0.0,2,5,8,1
733,6/10/2014,1256,18026,6,0.0,1,6,8,1
734,6/10/2015,956,10492,5,0.0,2,7,7,2
735,6/10/2016,1139,15793,6,0.0,4,6,7,1
736,6/11/2014,1280,16106,6,0.0,2,6,7,2
737,6/11/2015,1437,18485,6,0.0,3,5,7,1
738,6/11/2016,321,12350,5,0.0,5,3,7,2
739,6/12/2014,1175,17084,6,0.0,3,2,9,1
740,6/12/2015,1276,21243,6,0.0,4,1,9,0
741,6/12/2016,323,7677,4,0.0,6,1,10,0
742,6/13/2014,1163,28912,7,0.0,4,3,10,2
743,6/13/2015,430,18727,6,0.0,5,5,9,4
744,6/13/2016,1313,15870,6,0.0,0,7,7,5
745,6/14/2014,440,17467,6,0.0,5,6,8,5
746,6/14/2015,269,13603,5,0.0,6,7,7,5
747,6/14/2016,1295,14592,5,0.0,1,6,7,4
748,6/15/2014,390,15943,6,0.0,6,6,6,4
749,6/15/2015,1327,14021,5,0.0,0,6,7,3
750,6/15/2016,1249,15755,6,0.0,2,6,7,0
751,6/16/2014,1269,18625,6,0.0,0,5,8,0
752,6/16/2015,1409,15781,6,0.0,1,3,9,1
753,6/16/2016,1271,13975,5,0.0,3,3,10,1
754,6/17/2014,1216,20199,6,0.0,1,7,7,1
755,6/17/2015,1353,17444,6,0.0,2,5,7,1
756,6/17/2016,1111,16824,6,0.0,4,4,8,5
757,6/18/2014,1259,19648,6,0.0,2,5,8,3
758,6/18/2015,1352,23799,6,0.0,3,6,8,3
759,6/18/2016,337,14611,5,0.0,5,7,8,5
760,6/19/2014,1237,19747,6,0.0,3,8,7,4
761,6/19/2015,1243,19959,6,0.0,4,7,6,6
762,6/19/2016,282,10719,5,1.0,6,9,6,6
763,6/2/2014,1291,18730,6,1.0,0,8,7,4
764,6/2/2015,1390,20184,6,0.0,1,6,7,0
765,6/2/2016,1262,13390,5,0.0,3,7,7,1
766,6/20/2014,1151,20128,6,0.0,4,6,7,1
767,6/20/2015,411,34209,7,0.0,5,6,7,1
768,6/20/2016,1268,13495,5,0.0,0,7,7,1
769,6/21/2014,361,11543,5,0.0,5,6,8,5
770,6/21/2015,298,12746,5,0.0,6,5,8,4
771,6/21/2016,1333,14082,5,0.0,1,5,8,1
772,6/22/2014,460,22377,6,0.0,6,8,7,3
773,6/22/2015,1295,14277,5,0.0,0,6,7,0
774,6/22/2016,1245,13748,5,0.0,2,6,8,0
775,6/23/2014,1188,19559,6,0.0,0,3,9,2
776,6/23/2015,1392,17277,6,0.0,1,5,8,4
777,6/23/2016,1253,15094,6,0.0,3,7,8,4
778,6/24/2014,1334,17260,6,0.0,1,7,8,4
779,6/24/2015,1335,16330,6,0.0,2,7,7,6
780,6/24/2016,1124,20199,6,0.0,4,7,6,6
781,6/25/2014,1225,17513,6,0.0,2,8,7,6
782,6/25/2015,1391,23803,6,0.0,3,6,7,1
783,6/25/2016,375,14236,5,0.0,5,5,7,0
784,6/26/2014,1294,19202,6,0.0,3,6,7,1
785,6/26/2015,1319,24185,6,0.0,4,6,7,3
786,6/26/2016,288,11565,5,0.0,6,6,7,4
787,6/27/2014,1137,25110,7,0.0,4,7,7,2
788,6/27/2015,466,14971,5,0.0,5,6,7,5
789,6/27/2016,1282,16120,6,1.0,0,7,6,6
790,6/28/2014,495,17203,6,1.0,5,7,7,5
791,6/28/2015,407,55256,8,0.0,6,6,6,1
792,6/28/2016,1288,14561,5,0.0,1,4,7,0
793,6/29/2014,414,18122,6,0.0,6,5,7,2
794,6/29/2015,1237,17045,6,0.0,0,8,6,4
795,6/29/2016,1185,13394,5,1.0,2,8,5,7
796,6/3/2014,1324,20585,6,0.0,1,7,5,2
797,6/3/2015,1348,18113,6,0.0,2,5,4,1
798,6/3/2016,1145,14732,5,0.0,4,4,5,3
799,6/30/2014,1248,17769,6,0.0,0,6,5,1
800,6/30/2015,1281,13693,5,0.0,1,6,5,1
801,6/30/2016,1180,15653,6,1.0,3,8,4,5
802,6/4/2014,1298,24727,6,1.0,2,9,4,5
803,6/4/2015,1414,19063,6,1.0,3,8,4,3
804,6/4/2016,353,10540,5,0.0,5,7,4,0
805,6/5/2014,1219,18844,6,0.0,3,7,4,0
806,6/5/2015,1270,20101,6,0.0,4,7,4,0
807,6/5/2016,258,9737,4,0.0,6,7,4,0
808,6/6/2014,1161,16071,6,1.0,4,8,4,5
809,6/6/2015,339,16209,6,0.0,5,4,4,0
810,6/6/2016,1330,12567,5,0.0,0,7,4,2
811,6/7/2014,437,19212,6,0.0,5,8,5,3
812,6/7/2015,385,16638,6,0.0,6,8,5,1
813,6/7/2016,1283,12554,5,0.0,1,7,6,2
814,6/8/2014,498,16388,6,0.0,6,8,5,5
815,6/8/2015,1270,14912,5,0.0,0,6,5,4
816,6/8/2016,1255,15895,6,0.0,2,9,4,3
817,6/9/2014,1294,14184,5,1.0,0,7,4,6
818,6/9/2015,1383,17231,6,1.0,1,7,3,4
819,6/9/2016,1264,13170,5,0.0,3,6,3,1
820,7/1/2014,1211,19605,6,0.0,1,5,3,1
821,7/1/2015,1205,23961,6,0.0,2,5,3,0
822,7/1/2016,968,12144,5,0.0,4,5,3,1
823,7/10/2014,1224,14622,5,0.0,3,6,3,4
824,7/10/2015,1244,39121,7,0.0,4,5,3,3
825,7/10/2016,331,11097,5,0.0,6,5,4,4
826,7/11/2014,1076,17291,6,1.0,4,8,4,5
827,7/11/2015,495,24396,6,0.0,5,8,4,2
828,7/11/2016,1168,15525,6,0.0,0,8,4,5
829,7/12/2014,445,25608,7,0.0,5,6,6,5
830,7/12/2015,379,18399,6,0.0,6,9,5,6
831,7/12/2016,1188,13955,5,0.0,1,9,5,6
832,7/13/2014,408,23836,6,0.0,6,7,6,6
833,7/13/2015,1345,16968,6,1.0,0,7,5,7
834,7/13/2016,1210,13807,5,1.0,2,7,4,5
835,7/14/2014,1220,14757,5,0.0,0,7,4,4
836,7/14/2015,1358,14220,5,1.0,1,8,4,7
837,7/14/2016,1212,13780,5,0.0,3,6,3,2
838,7/15/2014,1300,27204,7,0.0,1,5,3,0
839,7/15/2015,1384,17019,6,0.0,2,5,4,1
840,7/15/2016,1046,14019,5,0.0,4,7,3,3
841,7/16/2014,1311,16440,6,1.0,2,7,4,5
842,7/16/2015,1382,17872,6,1.0,3,8,3,6
843,7/16/2016,271,9599,4,0.0,5,8,3,5
844,7/17/2014,1299,14958,5,1.0,3,10,5,8
845,7/17/2015,1249,17902,6,1.0,4,9,5,7
846,7/17/2016,196,5128,3,0.0,6,6,4,2
847,7/18/2014,1160,20499,6,1.0,4,9,3,6
848,7/18/2015,368,11456,5,0.0,5,8,2,2
849,7/18/2016,1151,14704,5,0.0,0,4,3,0
850,7/19/2014,424,17644,6,0.0,5,6,2,5
851,7/19/2015,402,18317,6,1.0,6,8,2,5
852,7/19/2016,1155,17067,6,0.0,1,7,2,1
853,7/2/2014,1245,18370,6,0.0,2,7,3,4
854,7/2/2015,1019,15414,6,0.0,3,7,3,2
855,7/2/2016,303,10492,5,0.0,5,6,2,4
856,7/20/2014,402,17986,6,0.0,6,6,3,5
857,7/20/2015,1386,15016,6,0.0,0,7,3,6
858,7/20/2016,1247,15032,6,1.0,2,7,5,7
859,7/21/2014,1224,16071,6,1.0,0,9,4,7
860,7/21/2015,1349,19182,6,1.0,1,9,4,7
861,7/21/2016,1196,13432,5,1.0,3,8,4,4
862,7/22/2014,1326,18361,6,0.0,1,8,3,5
863,7/22/2015,1307,18457,6,1.0,2,8,4,8
864,7/22/2016,1023,13450,5,1.0,4,9,4,7
865,7/23/2014,1366,18458,6,0.0,2,7,5,6
866,7/23/2015,1320,15220,6,0.0,3,7,5,5
867,7/23/2016,270,7340,3,1.0,5,7,4,6
868,7/24/2014,1299,16702,6,1.0,3,8,4,6
869,7/24/2015,1254,16431,6,1.0,4,6,5,5
870,7/24/2016,242,7789,4,1.0,6,9,5,6
871,7/25/2014,1204,22171,6,1.0,4,9,5,7
872,7/25/2015,364,12582,5,1.0,5,8,5,6
873,7/25/2016,1200,14491,5,1.0,0,9,6,7
874,7/26/2014,495,20738,6,0.0,5,8,5,5
875,7/26/2015,432,13398,5,0.0,6,7,5,5
876,7/26/2016,1213,15076,6,1.0,1,7,6,7
877,7/27/2014,446,18731,6,1.0,6,8,4,5
878,7/27/2015,1363,18410,6,0.0,0,8,4,5
879,7/27/2016,1219,16786,6,0.0,2,8,4,4
880,7/28/2014,1293,18982,6,0.0,0,8,5,4
881,7/28/2015,1451,19590,6,0.0,1,7,5,3
882,7/28/2016,1166,13578,5,0.0,3,8,4,5
883,7/29/2014,1368,19525,6,1.0,1,8,6,7
884,7/29/2015,1411,16752,6,1.0,2,7,5,7
885,7/29/2016,1102,15600,6,1.0,4,7,4,5
886,7/3/2014,1026,20839,6,0.0,3,4,3,1
887,7/3/2015,439,24758,6,1.0,4,7,3,4
888,7/3/2016,222,5898,3,0.0,6,6,3,5
889,7/30/2014,1351,22745,6,0.0,2,7,4,4
890,7/30/2015,1330,14952,5,0.0,3,7,4,2
891,7/30/2016,356,15979,6,0.0,5,7,4,2
892,7/31/2014,1260,22269,6,0.0,3,5,6,0
893,7/31/2015,1240,20685,6,0.0,4,5,6,0
894,7/31/2016,311,11947,5,0.0,6,5,6,3
895,7/4/2014,391,22418,6,0.0,4,6,5,4
896,7/4/2015,449,30929,7,0.0,5,6,6,4
897,7/4/2016,316,12842,5,0.0,0,7,5,5
898,7/5/2014,382,15692,6,0.0,5,8,6,5
899,7/5/2015,288,9446,4,0.0,6,7,5,3
900,7/5/2016,952,11305,5,0.0,1,6,6,1
901,7/6/2014,365,10445,5,0.0,6,6,7,3
902,7/6/2015,1242,17584,6,1.0,0,6,6,6
903,7/6/2016,1091,12082,5,1.0,2,6,5,5
904,7/7/2014,1210,14379,5,0.0,0,7,4,5
905,7/7/2015,1359,16522,6,0.0,1,8,5,6
906,7/7/2016,1122,10581,5,0.0,3,7,4,2
907,7/8/2014,1201,15998,6,0.0,1,7,5,4
908,7/8/2015,1405,19060,6,0.0,2,5,6,3
909,7/8/2016,995,13618,5,0.0,4,5,5,3
910,7/9/2014,1347,21651,6,0.0,2,5,6,1
911,7/9/2015,1257,12350,5,0.0,3,6,6,5
912,7/9/2016,342,20002,6,0.0,5,6,6,5
913,8/1/2014,1162,17403,6,0.0,4,6,5,5
914,8/1/2015,425,17788,6,0.0,5,7,7,6
915,8/1/2016,1165,14736,5,0.0,0,5,6,2
916,8/10/2014,436,17221,6,0.0,6,5,6,5
917,8/10/2015,1284,19318,6,0.0,0,7,6,8
918,8/10/2016,1162,13243,5,1.0,2,9,6,7
919,8/11/2014,1234,16163,6,1.0,0,9,6,7
920,8/11/2015,1397,18031,6,1.0,1,7,5,6
921,8/11/2016,1166,13585,5,1.0,3,7,4,7
922,8/12/2014,1380,20361,6,1.0,1,8,4,5
923,8/12/2015,1400,19360,6,1.0,2,7,6,7
924,8/12/2016,1032,15057,6,0.0,4,7,6,5
925,8/13/2014,1247,13943,5,1.0,2,8,5,7
926,8/13/2015,1401,17846,6,1.0,3,7,4,6
927,8/13/2016,670,18817,6,1.0,5,9,5,8
928,8/14/2014,1251,17965,6,1.0,3,7,5,6
929,8/14/2015,1182,15338,6,0.0,4,6,5,2
930,8/14/2016,736,21157,6,0.0,6,6,5,1
931,8/15/2014,1179,18332,6,0.0,4,6,6,0
932,8/15/2015,451,16309,6,0.0,5,8,6,5
933,8/15/2016,1204,12542,5,0.0,0,7,6,6
934,8/16/2014,425,20358,6,1.0,5,7,6,5
935,8/16/2015,393,9790,4,1.0,6,8,5,6
936,8/16/2016,1270,16555,6,1.0,1,7,5,3
937,8/17/2014,402,16778,6,0.0,6,6,5,3
938,8/17/2015,1418,15954,6,0.0,0,7,5,2
939,8/17/2016,1253,13757,5,0.0,2,7,5,2
940,8/18/2014,1277,18625,6,0.0,0,6,6,3
941,8/18/2015,1407,14962,5,0.0,1,7,6,5
942,8/18/2016,1264,16025,6,1.0,3,5,4,3
943,8/19/2014,1279,21320,6,0.0,1,5,4,1
944,8/19/2015,1353,21085,6,0.0,2,6,5,1
945,8/19/2016,1074,13856,5,0.0,4,6,6,4
946,8/2/2014,387,10203,5,0.0,5,7,5,2
947,8/2/2015,320,18265,6,0.0,6,7,6,6
948,8/2/2016,1241,17398,6,0.0,1,7,6,6
949,8/20/2014,1327,18959,6,0.0,2,5,6,3
950,8/20/2015,1353,18566,6,0.0,3,4,7,1
951,8/20/2016,313,8347,4,0.0,5,3,8,3
952,8/21/2014,1352,28008,7,0.0,3,4,7,5
953,8/21/2015,1215,15895,6,1.0,4,9,6,7
954,8/21/2016,291,9104,4,1.0,6,9,6,8
955,8/22/2014,1235,19402,6,1.0,4,9,5,8
956,8/22/2015,421,12118,5,0.0,5,7,6,7
957,8/22/2016,1176,13463,5,0.0,0,8,5,7
958,8/23/2014,485,32318,7,0.0,5,6,5,3
959,8/23/2015,311,8141,4,1.0,6,6,5,5
960,8/23/2016,1241,12855,5,0.0,1,5,6,2
961,8/24/2014,345,20470,6,0.0,6,4,7,1
962,8/24/2015,1309,22867,6,0.0,0,3,8,1
963,8/24/2016,1242,12032,5,0.0,2,2,8,3
964,8/25/2014,1371,19081,6,0.0,0,2,7,4
965,8/25/2015,1421,16547,6,0.0,1,4,7,3
966,8/25/2016,1184,13607,5,0.0,3,6,7,6
967,8/26/2014,1513,20015,6,1.0,1,7,5,7
968,8/26/2015,1465,18959,6,0.0,2,6,5,3
969,8/26/2016,1096,15546,6,0.0,4,6,6,5
970,8/27/2014,1479,28148,7,0.0,2,4,5,1
971,8/27/2015,1443,19509,6,0.0,3,6,5,5
972,8/27/2016,291,7251,3,1.0,5,6,5,6
973,8/28/2014,1340,16962,6,0.0,3,5,6,3
974,8/28/2015,1220,15472,6,0.0,4,6,6,4
975,8/28/2016,285,7139,3,0.0,6,4,6,0
976,8/29/2013,748,19464,6,0.0,3,4,7,1
977,8/29/2014,1252,23829,6,0.0,4,7,6,3
978,8/29/2015,342,13127,5,0.0,5,6,6,7
979,8/29/2016,1196,12704,5,0.0,0,7,6,7
980,8/3/2014,365,11736,5,0.0,6,6,6,7
981,8/3/2015,1283,16660,6,1.0,0,8,5,7
982,8/3/2016,1231,13942,5,1.0,2,8,6,6
983,8/30/2013,714,32167,7,0.0,4,7,6,6
984,8/30/2014,481,23530,6,0.0,5,7,6,5
985,8/30/2015,331,12819,5,0.0,6,7,7,5
986,8/30/2016,1213,11975,5,0.0,1,7,6,4
987,8/31/2013,640,39041,7,0.0,5,7,6,6
988,8/31/2014,473,28166,7,0.0,6,7,6,5
989,8/31/2015,1369,15347,6,0.0,0,6,6,5
990,8/31/2016,1176,15361,6,0.0,2,7,7,4
991,8/4/2014,1169,15458,6,0.0,0,6,7,2
992,8/4/2015,1360,18374,6,0.0,1,4,8,1
993,8/4/2016,1140,13114,5,0.0,3,4,8,2
994,8/5/2014,1313,19295,6,0.0,1,6,6,4
995,8/5/2015,1341,20277,6,0.0,2,5,5,4
996,8/5/2016,967,11743,5,1.0,4,6,5,6
997,8/6/2014,1254,14861,5,0.0,2,7,5,5
998,8/6/2015,1299,17727,6,0.0,3,6,6,4
999,8/6/2016,300,9596,4,0.0,5,6,6,5
1000,8/7/2014,1256,19048,6,0.0,3,6,6,4
1001,8/7/2015,1197,25870,7,0.0,4,5,6,1
1002,8/7/2016,275,11687,5,0.0,6,6,7,2
1003,8/8/2014,1170,19655,6,0.0,4,4,8,3
1004,8/8/2015,432,13892,5,0.0,5,5,7,1
1005,8/8/2016,1268,12968,5,0.0,0,6,7,1
1006,8/9/2014,376,10245,5,0.0,5,5,8,1
1007,8/9/2015,361,11919,5,0.0,6,6,8,3
1008,8/9/2016,1233,13970,5,0.0,1,6,8,1
1009,9/1/2013,706,40076,7,0.0,6,4,9,3
1010,9/1/2014,368,16434,6,0.0,0,5,9,4
1011,9/1/2015,1389,15267,6,0.0,1,5,8,3
1012,9/10/2013,892,13191,5,0.0,1,7,7,4
1013,9/10/2014,1351,18901,6,0.0,2,7,7,6
1014,9/10/2015,1357,16877,6,0.0,3,7,7,6
1015,9/11/2013,880,15567,6,0.0,2,7,7,5
1016,9/11/2014,1381,22458,6,0.0,3,6,7,3
1017,9/11/2015,1165,12988,5,0.0,4,5,8,3
1018,9/12/2013,942,24876,6,0.0,3,5,8,1
1019,9/12/2014,1308,29865,7,0.0,4,6,7,2
1020,9/12/2015,360,10251,5,0.0,5,4,6,3
1021,9/13/2013,981,25889,7,0.0,4,4,6,2
1022,9/13/2014,556,18232,6,0.0,5,5,7,2
1023,9/13/2015,301,8215,4,0.0,6,6,7,4
1024,9/14/2013,702,34699,7,0.0,5,5,7,2
1025,9/14/2014,435,15092,6,0.0,6,4,8,3
1026,9/14/2015,1177,13898,5,0.0,0,4,8,2
1027,9/15/2013,624,31917,7,0.0,6,4,9,1
1028,9/15/2014,1516,26541,7,0.0,0,6,7,0
1029,9/15/2015,1423,19377,6,0.0,1,5,7,0
1030,9/16/2013,914,16595,6,0.0,0,5,7,0
1031,9/16/2014,1438,27686,7,0.0,1,5,9,0
1032,9/16/2015,1239,15314,6,0.0,2,4,8,1
1033,9/17/2013,1073,19346,6,0.0,1,5,8,0
1034,9/17/2014,1429,19825,6,0.0,2,6,8,0
1035,9/17/2015,1312,15441,6,0.0,3,7,7,1
1036,9/18/2013,1110,17695,6,0.0,2,5,8,0
1037,9/18/2014,1186,14879,5,0.0,3,6,7,0
1038,9/18/2015,1272,19401,6,0.0,4,6,7,0
1039,9/19/2013,1044,15934,6,0.0,3,6,7,0
1040,9/19/2014,1245,16067,6,0.0,4,6,7,1
1041,9/19/2015,402,13705,5,0.0,5,6,7,3
1042,9/2/2013,661,25727,7,0.0,0,6,7,1
1043,9/2/2014,1319,17268,6,0.0,1,6,7,3
1044,9/2/2015,1313,14705,5,0.0,2,6,7,5
1045,9/20/2013,1102,18398,6,0.0,4,6,8,4
1046,9/20/2014,427,11569,5,0.0,5,4,7,0
1047,9/20/2015,325,10337,5,0.0,6,5,8,1
1048,9/21/2013,388,11746,5,0.0,5,6,7,0
1049,9/21/2014,313,11756,5,0.0,6,5,6,0
1050,9/21/2015,1343,15839,6,0.0,0,6,8,0
1051,9/22/2013,584,27215,7,0.0,6,6,7,3
1052,9/22/2014,1353,19519,6,0.0,0,5,8,1
1053,9/22/2015,1355,14662,5,0.0,1,6,7,1
1054,9/23/2013,1050,27942,7,0.0,0,6,7,3
1055,9/23/2014,1362,16689,6,0.0,1,6,7,2
1056,9/23/2015,1230,16511,6,0.0,2,6,7,0
1057,9/24/2013,1075,18391,6,0.0,1,6,7,2
1058,9/24/2014,1301,20130,6,0.0,2,4,8,1
1059,9/24/2015,1342,18238,6,0.0,3,5,8,0
1060,9/25/2013,1264,23546,6,0.0,2,5,8,1
1061,9/25/2014,1177,17673,6,0.0,3,6,8,2
1062,9/25/2015,1280,20427,6,0.0,4,4,9,4
1063,9/26/2013,1082,21773,6,0.0,3,5,9,5
1064,9/26/2014,1242,18821,6,0.0,4,6,8,3
1065,9/26/2015,364,17911,6,0.0,5,6,8,2
1066,9/27/2013,1101,23683,6,0.0,4,7,8,3
1067,9/27/2014,464,11307,5,0.0,5,6,7,3
1068,9/27/2015,349,14680,5,0.0,6,6,7,4
1069,9/28/2013,612,19800,6,0.0,5,6,7,0
1070,9/28/2014,376,23302,6,0.0,6,6,8,0
1071,9/28/2015,1304,15700,6,0.0,0,7,7,4
1072,9/29/2013,517,15182,6,0.0,6,6,7,4
1073,9/29/2014,1335,15652,6,0.0,0,7,7,4
1074,9/29/2015,1408,16809,6,0.0,1,6,7,2
1075,9/3/2013,597,17351,6,0.0,1,6,7,1
1076,9/3/2014,1404,15637,6,0.0,2,5,8,2
1077,9/3/2015,1294,16957,6,0.0,3,6,8,1
1078,9/30/2013,976,19281,6,0.0,0,6,7,1
1079,9/30/2014,1304,15149,6,0.0,1,6,8,2
1080,9/30/2015,1203,12102,5,0.0,2,5,8,2
1081,9/4/2013,606,17895,6,0.0,2,6,8,4
1082,9/4/2014,1389,16094,6,0.0,3,7,8,4
1083,9/4/2015,1129,13542,5,0.0,4,6,8,4
1084,9/5/2013,677,16070,6,0.0,3,6,8,2
1085,9/5/2014,1265,19160,6,0.0,4,6,8,2
1086,9/5/2015,386,12370,5,0.0,5,7,7,1
1087,9/6/2013,814,22249,6,0.0,4,7,7,2
1088,9/6/2014,435,13037,5,0.0,5,6,7,5
1089,9/6/2015,318,12304,5,0.0,6,6,7,3
1090,9/7/2013,796,32397,7,0.0,5,6,8,4
1091,9/7/2014,336,14917,5,0.0,6,6,7,3
1092,9/7/2015,318,12101,5,0.0,0,7,7,4
1093,9/8/2013,704,30955,7,0.0,6,6,8,4
1094,9/8/2014,1305,26584,7,0.0,0,5,8,4
1095,9/8/2015,1333,15474,6,0.0,1,6,8,4
1096,9/9/2013,769,18543,6,0.0,0,6,7,6
1097,9/9/2014,1362,22408,6,0.0,1,6,8,2
1098,9/9/2015,1405,18680,6,0.0,2,6,7,1
