,Date,MeanTemperatureF,MeanHumidity ,PrecipitationIn ,CloudCover ,Events,zip,Templevel,HumidLevel
125,1/1/2014,49,62,0,2,,95113,3,6
490,1/1/2015,42,46,0,0,,95113,2,4
855,1/1/2016,42,66,0,4,,95113,2,6
134,1/10/2014,52,69,0,3,,95113,4,7
499,1/10/2015,54,80,0,4,,95113,4,8
864,1/10/2016,52,86,0.01,7,,95113,4,9
135,1/11/2014,51,78,0,4,,95113,4,8
500,1/11/2015,50,92,0,6,Fog,95113,4,10
865,1/11/2016,56,72,0,6,,95113,5,7
136,1/12/2014,52,72,0,3,,95113,4,7
501,1/12/2015,51,80,0.01,2,,95113,4,8
866,1/12/2016,55,73,0,5,,95113,5,7
137,1/13/2014,56,48,0,0,,95113,5,4
502,1/13/2015,54,67,0,3,Fog,95113,4,7
867,1/13/2016,54,71,0.08,6,Rain,95113,4,7
138,1/14/2014,57,43,0,0,,95113,5,3
503,1/14/2015,51,66,0,4,,95113,4,6
868,1/14/2016,50,76,0.01,6,Rain,95113,4,8
139,1/15/2014,55,37,0,0,,95113,5,2
504,1/15/2015,51,72,0,4,,95113,4,7
869,1/15/2016,58,64,0.16,5,Rain,95113,5,6
140,1/16/2014,56,40,0,0,,95113,5,3
505,1/16/2015,53,74,0,5,,95113,4,8
870,1/16/2016,58,83,0.12,6,Rain,95113,5,9
141,1/17/2014,54,42,0,0,,95113,4,3
506,1/17/2015,54,85,0,6,,95113,4,9
871,1/17/2016,59,86,0.39,7,Rain,95113,5,9
142,1/18/2014,54,46,0,0,,95113,4,4
507,1/18/2015,55,86,0,5,,95113,5,9
872,1/18/2016,59,80,0.58,6,Rain,95113,5,8
143,1/19/2014,53,43,0,1,,95113,4,3
508,1/19/2015,53,84,0.01,6,,95113,4,9
873,1/19/2016,60,86,0.44,7,Rain,95113,6,9
126,1/2/2014,52,57,0,2,,95113,4,5
491,1/2/2015,42,57,0,1,,95113,2,5
856,1/2/2016,48,63,0,5,,95113,3,6
144,1/20/2014,54,44,0,1,,95113,4,3
509,1/20/2015,51,76,0,4,,95113,4,8
874,1/20/2016,58,76,0,5,,95113,5,8
145,1/21/2014,53,47,0,3,,95113,4,4
510,1/21/2015,50,69,0,1,,95113,4,7
875,1/21/2016,59,68,0,5,,95113,5,7
146,1/22/2014,55,51,0,0,,95113,5,4
511,1/22/2015,47,74,0,2,,95113,3,8
876,1/22/2016,60,73,0.42,7,Fog-Rain,95113,6,7
147,1/23/2014,54,52,0,0,,95113,4,4
512,1/23/2015,52,63,0,0,,95113,4,6
877,1/23/2016,54,76,0.06,5,Rain,95113,4,8
148,1/24/2014,53,58,0,3,,95113,4,5
513,1/24/2015,56,59,0,0,,95113,5,5
878,1/24/2016,52,75,0,5,,95113,4,8
149,1/25/2014,58,50,0,1,,95113,5,4
514,1/25/2015,51,69,0,1,,95113,4,7
879,1/25/2016,53,76,0,4,,95113,4,8
150,1/26/2014,58,58,0,2,,95113,5,5
515,1/26/2015,52,63,0,4,,95113,4,6
880,1/26/2016,55,75,0,4,,95113,5,8
151,1/27/2014,55,74,0,7,Fog,95113,5,8
516,1/27/2015,59,57,0,6,,95113,5,5
881,1/27/2016,56,67,0,3,,95113,5,7
152,1/28/2014,58,73,0,7,,95113,5,7
517,1/28/2015,56,67,0,3,,95113,5,7
882,1/28/2016,53,74,0,5,,95113,4,8
153,1/29/2014,62,84,0.01,7,Rain,95113,6,9
518,1/29/2015,54,78,0,4,Fog,95113,4,8
883,1/29/2016,62,76,0.05,7,Rain,95113,6,8
127,1/3/2014,52,53,0,3,,95113,4,5
492,1/3/2015,43,63,0,1,,95113,2,6
857,1/3/2016,49,71,0,6,Rain,95113,3,7
154,1/30/2014,56,74,0.1,6,Rain,95113,5,8
519,1/30/2015,57,68,0,4,,95113,5,7
884,1/30/2016,55,72,0.03,7,Rain,95113,5,7
155,1/31/2014,52,60,0,3,,95113,4,6
520,1/31/2015,57,60,0,0,,95113,5,6
885,1/31/2016,51,68,0.1,5,Rain,95113,4,7
128,1/4/2014,52,57,0,1,,95113,4,5
493,1/4/2015,45,68,0,3,,95113,3,7
858,1/4/2016,55,71,0.01,7,Rain,95113,5,7
129,1/5/2014,51,45,0,0,,95113,4,3
494,1/5/2015,48,68,0,4,,95113,3,7
859,1/5/2016,53,85,0.97,7,Rain,95113,4,9
130,1/6/2014,50,53,0,5,,95113,4,5
495,1/6/2015,51,62,0,1,,95113,4,6
860,1/6/2016,51,82,0.62,7,Rain,95113,4,9
131,1/7/2014,54,58,0,4,,95113,4,5
496,1/7/2015,54,63,0,2,,95113,4,6
861,1/7/2016,50,77,0.03,4,Rain,95113,4,8
132,1/8/2014,54,82,0,7,Rain,95113,4,9
497,1/8/2015,53,72,0,5,,95113,4,7
862,1/8/2016,47,77,0,5,,95113,3,8
133,1/9/2014,53,79,0.01,6,Rain,95113,4,8
498,1/9/2015,57,69,0,5,,95113,5,7
863,1/9/2016,53,75,0.01,8,Rain,95113,4,8
33,10/1/2013,63,58,0,3,,95113,6,5
398,10/1/2014,70,54,0,0,,95113,8,5
763,10/1/2015,69,74,0.03,4,Rain,95113,7,8
42,10/10/2013,62,59,0,1,,95113,6,5
407,10/10/2014,64,76,0,5,,95113,6,8
772,10/10/2015,67,80,0,3,Fog,95113,7,8
43,10/11/2013,58,73,0,0,,95113,5,7
408,10/11/2014,65,66,0,3,,95113,7,6
773,10/11/2015,69,65,0,0,,95113,7,6
44,10/12/2013,59,68,0,1,,95113,5,7
409,10/12/2014,71,53,0,0,,95113,8,5
774,10/12/2015,72,62,0,0,,95113,8,6
45,10/13/2013,60,64,0,1,,95113,6,6
410,10/13/2014,71,48,0,1,,95113,8,4
775,10/13/2015,77,45,0,2,,95113,9,3
46,10/14/2013,63,50,0,0,,95113,6,4
411,10/14/2014,64,71,0,4,,95113,6,7
776,10/14/2015,73,54,0,4,,95113,8,5
47,10/15/2013,63,43,0,0,,95113,6,3
412,10/15/2014,66,63,0,5,,95113,7,6
777,10/15/2015,72,69,0,4,,95113,8,7
48,10/16/2013,66,39,0,1,,95113,7,3
413,10/16/2014,63,63,0,5,,95113,6,6
778,10/16/2015,70,68,0,4,,95113,8,7
49,10/17/2013,65,39,0,0,,95113,7,3
414,10/17/2014,63,60,0,4,,95113,6,6
779,10/17/2015,67,73,0,6,,95113,7,7
50,10/18/2013,64,54,0,0,,95113,6,5
415,10/18/2014,66,60,0,0,,95113,7,6
780,10/18/2015,64,73,0,6,,95113,6,7
51,10/19/2013,64,57,0,0,,95113,6,5
416,10/19/2014,65,77,0,4,Fog,95113,7,8
781,10/19/2015,65,74,0,6,Rain,95113,7,8
34,10/2/2013,64,57,0,1,,95113,6,5
399,10/2/2014,72,41,0,0,,95113,8,3
764,10/2/2015,68,66,0,0,,95113,7,6
52,10/20/2013,62,67,0,3,,95113,6,7
417,10/20/2014,61,75,0,5,Rain,95113,6,8
782,10/20/2015,67,61,0,1,,95113,7,6
53,10/21/2013,61,74,0,3,,95113,6,8
418,10/21/2014,59,65,0,2,,95113,5,6
783,10/21/2015,67,54,0,0,,95113,7,5
54,10/22/2013,62,72,0,4,,95113,6,7
419,10/22/2014,60,62,0,4,,95113,6,6
784,10/22/2015,65,64,0,1,,95113,7,6
55,10/23/2013,60,82,0,5,,95113,6,9
420,10/23/2014,65,65,0,3,,95113,7,6
785,10/23/2015,67,61,0,3,,95113,7,6
56,10/24/2013,55,84,0,5,,95113,5,9
421,10/24/2014,65,69,0,2,,95113,7,7
786,10/24/2015,66,63,0,4,,95113,7,6
57,10/25/2013,58,69,0,5,,95113,5,7
422,10/25/2014,64,74,0.11,5,Rain,95113,6,8
787,10/25/2015,66,73,0,2,,95113,7,7
58,10/26/2013,61,66,0,1,,95113,6,6
423,10/26/2014,60,65,0,3,,95113,6,6
788,10/26/2015,67,66,0,5,,95113,7,6
59,10/27/2013,57,78,0,5,,95113,5,8
424,10/27/2014,58,65,0,2,,95113,5,6
789,10/27/2015,63,71,0.01,6,Rain,95113,6,7
60,10/28/2013,59,60,0,6,,95113,5,6
425,10/28/2014,60,62,0,0,,95113,6,6
790,10/28/2015,65,73,0.01,5,,95113,7,7
61,10/29/2013,56,71,0,4,,95113,5,7
426,10/29/2014,64,60,0,1,,95113,6,6
791,10/29/2015,63,62,0,1,,95113,6,6
35,10/3/2013,62,46,0,0,,95113,6,4
400,10/3/2014,75,37,0,0,,95113,9,2
765,10/3/2015,66,67,0,1,,95113,7,7
62,10/30/2013,56,67,0,1,,95113,5,7
427,10/30/2014,68,49,0,5,,95113,7,4
792,10/30/2015,65,52,0,0,,95113,7,4
63,10/31/2013,58,62,0,0,,95113,5,6
428,10/31/2014,58,86,0.51,7,Rain,95113,5,9
793,10/31/2015,69,58,0,2,,95113,7,5
36,10/4/2013,70,25,0,0,,95113,8,1
401,10/4/2014,75,35,0,1,,95113,9,2
766,10/4/2015,67,60,0,1,,95113,7,6
37,10/5/2013,67,31,0,0,,95113,7,1
402,10/5/2014,74,38,0,1,,95113,8,2
767,10/5/2015,69,62,0,1,,95113,7,6
38,10/6/2013,67,32,0,4,,95113,7,2
403,10/6/2014,72,54,0,1,,95113,8,5
768,10/6/2015,68,70,0,1,,95113,7,7
39,10/7/2013,68,38,0,2,,95113,7,2
404,10/7/2014,69,60,0,2,,95113,7,6
769,10/7/2015,70,65,0,5,,95113,8,6
40,10/8/2013,63,56,0,2,,95113,6,5
405,10/8/2014,70,59,0,1,,95113,8,5
770,10/8/2015,73,58,0,4,,95113,8,5
41,10/9/2013,59,66,0,2,,95113,5,6
406,10/9/2014,65,73,0,2,,95113,7,7
771,10/9/2015,70,58,0,1,,95113,8,5
64,11/1/2013,61,52,0,0,,95113,6,4
429,11/1/2014,56,78,0.02,4,Rain,95113,5,8
794,11/1/2015,64,75,0,4,,95113,6,8
73,11/10/2013,55,76,0,3,Fog,95113,5,8
438,11/10/2014,60,77,0,3,Fog,95113,6,8
803,11/10/2015,51,79,0.01,3,Rain,95113,4,8
74,11/11/2013,59,74,0,7,,95113,5,8
439,11/11/2014,59,69,0,6,,95113,5,7
804,11/11/2015,53,68,0,0,,95113,4,7
75,11/12/2013,62,61,0,3,,95113,6,6
440,11/12/2014,61,60,0,7,,95113,6,6
805,11/12/2015,52,68,0,0,Rain,95113,4,7
76,11/13/2013,60,63,0,3,,95113,6,6
441,11/13/2014,60,80,0.14,7,Rain,95113,6,8
806,11/13/2015,54,68,0,0,,95113,4,7
77,11/14/2013,57,84,0,6,,95113,5,9
442,11/14/2014,59,78,0,4,,95113,5,8
807,11/14/2015,54,69,0,0,,95113,4,7
78,11/15/2013,55,64,0,1,,95113,5,6
443,11/15/2014,57,75,0,4,,95113,5,8
808,11/15/2015,54,74,0.45,5,Rain,95113,4,8
79,11/16/2013,52,66,0,2,,95113,4,6
444,11/16/2014,55,53,0,5,,95113,5,5
809,11/16/2015,53,50,0,0,,95113,4,4
80,11/17/2013,54,73,0,3,,95113,4,7
445,11/17/2014,53,48,0,3,,95113,4,4
810,11/17/2015,54,71,0,2,,95113,4,7
81,11/18/2013,53,72,0,5,,95113,4,7
446,11/18/2014,55,51,0,5,,95113,5,4
811,11/18/2015,55,80,0,3,,95113,5,8
82,11/19/2013,57,78,0.29,7,Rain,95113,5,8
447,11/19/2014,59,64,0,5,Rain,95113,5,6
812,11/19/2015,57,74,0,1,,95113,5,8
65,11/2/2013,57,62,0,2,,95113,5,6
430,11/2/2014,55,68,0,1,,95113,5,7
795,11/2/2015,58,78,1.13,7,Rain,95113,5,8
83,11/20/2013,58,89,0.47,7,Rain,95113,5,10
448,11/20/2014,55,93,0.12,6,Rain,95113,5,10
813,11/20/2015,60,69,0,2,,95113,6,7
84,11/21/2013,56,63,0.01,5,Rain,95113,5,6
449,11/21/2014,55,76,0.01,6,,95113,5,8
814,11/21/2015,59,75,0,5,Fog,95113,5,8
85,11/22/2013,58,31,0,2,,95113,5,1
450,11/22/2014,57,84,0.01,6,Rain,95113,5,9
815,11/22/2015,59,65,0,4,,95113,5,6
86,11/23/2013,53,50,0,0,,95113,4,4
451,11/23/2014,55,64,0,2,,95113,5,6
816,11/23/2015,53,81,0,3,,95113,4,9
87,11/24/2013,53,62,0,0,,95113,4,6
452,11/24/2014,52,62,0,1,,95113,4,6
817,11/24/2015,51,72,0.09,6,Rain,95113,4,7
88,11/25/2013,53,64,0,1,,95113,4,6
453,11/25/2014,54,52,0,1,,95113,4,4
818,11/25/2015,47,71,0.27,4,Rain,95113,3,7
89,11/26/2013,53,66,0,5,,95113,4,6
454,11/26/2014,56,60,0,1,,95113,5,6
819,11/26/2015,45,60,0,1,,95113,3,6
90,11/27/2013,54,68,0,4,,95113,4,7
455,11/27/2014,56,62,0,2,,95113,5,6
820,11/27/2015,46,54,0,1,,95113,3,5
91,11/28/2013,57,62,0,2,,95113,5,6
456,11/28/2014,52,63,0,3,,95113,4,6
821,11/28/2015,45,57,0,0,,95113,3,5
92,11/29/2013,57,60,0,0,,95113,5,6
457,11/29/2014,56,86,0.71,7,Rain,95113,5,9
822,11/29/2015,46,58,0,1,,95113,3,5
66,11/3/2013,55,59,0,4,,95113,5,5
431,11/3/2014,56,60,0,3,,95113,5,6
796,11/3/2015,55,67,0,2,,95113,5,7
93,11/30/2013,53,67,0,1,,95113,4,7
458,11/30/2014,57,89,0.57,5,Rain,95113,5,10
823,11/30/2015,45,66,0,4,Rain,95113,3,6
67,11/4/2013,54,53,0,0,,95113,4,5
432,11/4/2014,57,68,0,2,,95113,5,7
797,11/4/2015,54,59,0,1,,95113,4,5
68,11/5/2013,58,49,0,1,,95113,5,4
433,11/5/2014,62,58,0,2,,95113,6,5
798,11/5/2015,55,51,0,3,,95113,5,4
69,11/6/2013,60,44,0,4,,95113,6,3
434,11/6/2014,62,62,0,3,,95113,6,6
799,11/6/2015,55,63,0,1,,95113,5,6
70,11/7/2013,62,50,0,2,,95113,6,4
435,11/7/2014,60,79,0,3,Fog,95113,6,8
800,11/7/2015,56,61,0,1,,95113,5,6
71,11/8/2013,58,72,0,2,,95113,5,7
436,11/8/2014,62,70,0,3,,95113,6,7
801,11/8/2015,53,76,0.04,5,Rain,95113,4,8
72,11/9/2013,61,56,0,1,,95113,6,5
437,11/9/2014,62,66,0,1,,95113,6,6
802,11/9/2015,52,86,0.43,5,Rain-Thunderstorm,95113,4,9
94,12/1/2013,55,65,0,0,,95113,5,6
459,12/1/2014,59,84,0.02,4,Fog,95113,5,9
824,12/1/2015,49,59,0,3,,95113,3,5
103,12/10/2013,41,55,0,1,,95113,2,5
468,12/10/2014,58,83,0,6,,95113,5,9
833,12/10/2015,57,69,0.15,7,Rain,95113,5,7
104,12/11/2013,44,53,0,0,,95113,2,5
469,12/11/2014,57,80,3.23,8,Rain,95113,5,8
834,12/11/2015,53,72,0.13,5,Rain,95113,4,7
105,12/12/2013,44,58,0,1,,95113,2,5
470,12/12/2014,51,86,0.2,7,Rain,95113,4,9
835,12/12/2015,50,67,0,4,,95113,4,7
106,12/13/2013,47,65,0,2,,95113,3,6
471,12/13/2014,50,86,0,4,,95113,4,9
836,12/13/2015,51,78,0.34,7,Rain-Thunderstorm,95113,4,8
107,12/14/2013,48,63,0,0,,95113,3,6
472,12/14/2014,52,74,0.05,5,Rain,95113,4,8
837,12/14/2015,46,64,0,2,,95113,3,6
108,12/15/2013,47,64,0,3,,95113,3,6
473,12/15/2014,53,89,0.65,7,Rain,95113,4,10
838,12/15/2015,48,58,0,0,,95113,3,5
109,12/16/2013,52,57,0,4,,95113,4,5
474,12/16/2014,55,76,0.55,6,Rain,95113,5,8
839,12/16/2015,50,53,0,1,,95113,4,5
110,12/17/2013,53,54,0,5,,95113,4,5
475,12/17/2014,52,84,0.22,6,Rain,95113,4,9
840,12/17/2015,49,67,0,3,,95113,3,7
111,12/18/2013,53,68,0,4,,95113,4,7
476,12/18/2014,56,72,0,6,,95113,5,7
841,12/18/2015,51,73,0.13,5,Rain,95113,4,7
112,12/19/2013,50,66,0,3,,95113,4,6
477,12/19/2014,55,86,0.19,7,Rain,95113,5,9
842,12/19/2015,49,78,0.16,6,Rain,95113,3,8
95,12/2/2013,53,77,0,4,,95113,4,8
460,12/2/2014,58,92,1.2,7,Fog-Rain,95113,5,10
825,12/2/2015,51,59,0,4,,95113,4,5
113,12/20/2013,48,37,0,1,,95113,3,2
478,12/20/2014,58,82,0.06,8,Rain,95113,5,9
843,12/20/2015,46,76,0,5,Rain,95113,3,8
114,12/21/2013,48,63,0,0,,95113,3,6
479,12/21/2014,59,87,0,7,Rain,95113,5,10
844,12/21/2015,56,88,0.49,8,Rain,95113,5,10
115,12/22/2013,52,63,0,0,,95113,4,6
480,12/22/2014,58,86,0,5,,95113,5,9
845,12/22/2015,57,84,0.27,7,Rain,95113,5,9
116,12/23/2013,51,62,0,0,,95113,4,6
481,12/23/2014,59,76,0.02,2,Fog,95113,5,8
846,12/23/2015,51,62,0,2,,95113,4,6
117,12/24/2013,54,59,0,1,,95113,4,5
482,12/24/2014,53,83,0.04,4,Fog-Rain,95113,4,9
847,12/24/2015,47,82,0.3,6,Rain,95113,3,9
118,12/25/2013,52,59,0,0,,95113,4,5
483,12/25/2014,51,57,0,0,,95113,4,5
848,12/25/2015,43,77,0,2,,95113,2,8
119,12/26/2013,53,57,0,0,,95113,4,5
484,12/26/2014,49,53,0,0,,95113,3,5
849,12/26/2015,46,52,0,0,,95113,3,4
120,12/27/2013,48,67,0,4,,95113,3,7
485,12/27/2014,44,59,0,3,,95113,2,5
850,12/27/2015,40,66,0,5,Rain,95113,2,6
121,12/28/2013,51,59,0,0,,95113,4,5
486,12/28/2014,47,67,0,2,,95113,3,7
851,12/28/2015,44,78,0.15,5,Rain,95113,2,8
122,12/29/2013,52,47,0,0,,95113,4,4
487,12/29/2014,50,72,0,4,,95113,4,7
852,12/29/2015,44,67,0,1,,95113,2,7
96,12/3/2013,49,70,0,5,Rain,95113,3,7
461,12/3/2014,60,92,1.28,7,Rain,95113,6,10
826,12/3/2015,52,74,0.11,5,Rain,95113,4,8
123,12/30/2013,50,50,0,3,,95113,4,4
488,12/30/2014,45,51,0,1,,95113,3,4
853,12/30/2015,45,67,0,4,,95113,3,7
124,12/31/2013,48,72,0,4,Fog,95113,3,7
489,12/31/2014,46,29,0,1,,95113,3,1
854,12/31/2015,46,67,0,2,,95113,3,7
97,12/4/2013,43,53,0,0,,95113,2,5
462,12/4/2014,61,84,0.01,5,Rain,95113,6,9
827,12/4/2015,51,74,0,2,,95113,4,8
98,12/5/2013,41,50,0,0,,95113,2,4
463,12/5/2014,60,87,0.02,7,Rain,95113,6,10
828,12/5/2015,50,75,0,5,,95113,4,8
99,12/6/2013,42,61,0.04,5,Rain,95113,2,6
464,12/6/2014,62,78,0.02,6,Rain,95113,6,8
829,12/6/2015,60,60,0,5,,95113,6,6
100,12/7/2013,42,66,0.09,2,Rain,95113,2,6
465,12/7/2014,58,84,0,5,Fog,95113,5,9
830,12/7/2015,58,84,0,6,,95113,5,9
101,12/8/2013,39,57,0,2,,95113,1,5
466,12/8/2014,60,75,0,4,,95113,6,8
831,12/8/2015,56,84,0,6,,95113,5,9
102,12/9/2013,38,48,0,0,,95113,1,4
467,12/9/2014,58,87,0,6,,95113,5,10
832,12/9/2015,63,71,0,6,,95113,6,7
156,2/1/2014,49,52,0,1,,95113,3,4
521,2/1/2015,53,53,0,5,,95113,4,5
886,2/1/2016,48,52,0,1,Rain,95113,3,4
165,2/10/2014,57,86,0.01,7,,95113,5,9
530,2/10/2015,54,75,0,3,,95113,4,8
895,2/10/2016,59,63,0,4,,95113,5,6
166,2/11/2014,56,80,0,7,,95113,5,8
531,2/11/2015,55,69,0,4,,95113,5,7
896,2/11/2016,60,65,0,4,,95113,6,6
167,2/12/2014,56,78,0,7,,95113,5,8
532,2/12/2015,58,68,0,3,,95113,5,7
897,2/12/2016,59,71,0,5,,95113,5,7
168,2/13/2014,59,80,0,5,Fog,95113,5,8
533,2/13/2015,62,60,0,2,,95113,6,6
898,2/13/2016,60,78,0,5,Fog,95113,6,8
169,2/14/2014,58,82,0,7,,95113,5,9
534,2/14/2015,60,64,0,1,,95113,6,6
899,2/14/2016,58,70,0,3,,95113,5,7
170,2/15/2014,56,80,0.02,6,Rain,95113,5,8
535,2/15/2015,60,58,0,2,,95113,6,5
900,2/15/2016,64,66,0,1,,95113,6,6
171,2/16/2014,55,67,0.04,5,Rain,95113,5,7
536,2/16/2015,60,69,0,3,,95113,6,7
901,2/16/2016,65,61,0,3,,95113,7,6
172,2/17/2014,50,64,0,3,,95113,4,6
537,2/17/2015,57,83,0,8,,95113,5,9
902,2/17/2016,60,64,0.15,6,Rain,95113,6,6
173,2/18/2014,54,64,0,5,,95113,4,6
538,2/18/2015,59,75,0,5,,95113,5,8
903,2/18/2016,56,66,0.11,5,Rain,95113,5,6
174,2/19/2014,56,72,0.01,4,Rain,95113,5,7
539,2/19/2015,60,78,0,6,,95113,6,8
904,2/19/2016,53,71,0,5,,95113,4,7
157,2/2/2014,48,80,0.08,5,Rain,95113,3,8
522,2/2/2015,55,64,0,3,,95113,5,6
887,2/2/2016,48,70,0.05,4,Rain,95113,3,7
175,2/20/2014,55,59,0,3,,95113,5,5
540,2/20/2015,61,69,0,4,,95113,6,7
905,2/20/2016,55,75,0,6,,95113,5,8
176,2/21/2014,57,54,0,1,,95113,5,5
541,2/21/2015,58,58,0,2,,95113,5,5
906,2/21/2016,54,69,0,2,,95113,4,7
177,2/22/2014,57,60,0,2,,95113,5,6
542,2/22/2015,56,55,0,2,,95113,5,5
907,2/22/2016,57,67,0,4,,95113,5,7
178,2/23/2014,57,64,0,3,,95113,5,6
543,2/23/2015,54,31,0,1,,95113,4,1
908,2/23/2016,60,53,0,3,,95113,6,5
179,2/24/2014,59,61,0,1,,95113,5,6
544,2/24/2015,51,43,0,1,,95113,4,3
909,2/24/2016,59,54,0,3,,95113,5,5
180,2/25/2014,55,76,0,4,,95113,5,8
545,2/25/2015,54,60,0,2,,95113,4,6
910,2/25/2016,62,55,0,1,,95113,6,5
181,2/26/2014,57,83,0.68,7,Rain,95113,5,9
546,2/26/2015,58,63,0,3,,95113,5,6
911,2/26/2016,61,65,0,5,,95113,6,6
182,2/27/2014,59,66,0.01,6,Rain,95113,5,6
547,2/27/2015,57,72,0,4,,95113,5,7
912,2/27/2016,62,62,0,5,,95113,6,6
183,2/28/2014,57,78,0.97,7,Rain,95113,5,8
548,2/28/2015,52,69,0.04,5,Rain,95113,4,7
913,2/28/2016,57,63,0,5,,95113,5,6
914,2/29/2016,65,71,0,6,,95113,7,7
158,2/3/2014,48,68,0,3,,95113,3,7
523,2/3/2015,60,65,0,4,,95113,6,6
888,2/3/2016,49,66,0,5,,95113,3,6
159,2/4/2014,46,68,0,4,,95113,3,7
524,2/4/2015,59,65,0,4,,95113,5,6
889,2/4/2016,54,67,0,4,,95113,4,7
160,2/5/2014,47,64,0.01,6,Rain,95113,3,6
525,2/5/2015,60,68,0,5,,95113,6,7
890,2/5/2016,53,69,0,2,,95113,4,7
161,2/6/2014,50,86,0.61,7,Rain,95113,4,9
526,2/6/2015,61,76,1.26,6,Rain,95113,6,8
891,2/6/2016,53,72,0,2,,95113,4,7
162,2/7/2014,51,92,0.14,7,Rain,95113,4,10
527,2/7/2015,63,86,0.03,6,Rain,95113,6,9
892,2/7/2016,60,56,0,0,,95113,6,5
163,2/8/2014,57,79,0.02,7,Rain,95113,5,8
528,2/8/2015,61,86,0.39,6,Rain,95113,6,9
893,2/8/2016,62,57,0,0,,95113,6,5
164,2/9/2014,60,80,0.05,8,,95113,6,8
529,2/9/2015,59,75,0.02,4,,95113,5,8
894,2/9/2016,61,58,0,3,,95113,6,5
184,3/1/2014,59,73,0.21,5,Rain,95113,5,7
549,3/1/2015,52,64,0,1,,95113,4,6
915,3/1/2016,63,53,0,2,,95113,6,5
193,3/10/2014,62,63,0.01,4,Rain,95113,6,6
558,3/10/2015,62,70,0,6,,95113,6,7
924,3/10/2016,63,70,0,5,Rain,95113,6,7
194,3/11/2014,63,42,0,1,,95113,6,3
559,3/11/2015,62,71,0.1,6,Rain,95113,6,7
925,3/11/2016,56,76,0.23,7,Rain,95113,5,8
195,3/12/2014,64,26,0,0,,95113,6,1
560,3/12/2015,62,68,0,5,,95113,6,7
926,3/12/2016,53,73,0.03,6,Rain,95113,4,7
196,3/13/2014,62,42,0,0,,95113,6,3
561,3/13/2015,65,60,0,5,,95113,7,6
927,3/13/2016,58,86,0.5,8,Rain,95113,5,9
197,3/14/2014,58,56,0,2,,95113,5,5
562,3/14/2015,72,49,0,4,,95113,8,4
928,3/14/2016,56,70,0.01,6,Rain,95113,5,7
198,3/15/2014,64,56,0,0,,95113,6,5
563,3/15/2015,68,47,0,5,,95113,7,4
929,3/15/2016,55,63,0,2,,95113,5,6
199,3/16/2014,65,51,0,2,,95113,7,4
564,3/16/2015,63,60,0,6,,95113,6,6
930,3/16/2016,57,61,0,1,,95113,5,6
200,3/17/2014,59,62,0,3,,95113,5,6
565,3/17/2015,61,62,0,4,,95113,6,6
931,3/17/2016,62,66,0,0,,95113,6,6
201,3/18/2014,58,52,0,0,,95113,5,4
566,3/18/2015,60,61,0,1,,95113,6,6
932,3/18/2016,60,74,0,5,,95113,6,8
202,3/19/2014,61,43,0,3,,95113,6,3
567,3/19/2015,64,56,0,2,,95113,6,5
933,3/19/2016,63,69,0,6,,95113,6,7
185,3/2/2014,57,71,0.02,5,Rain,95113,5,7
550,3/2/2015,52,69,0.05,4,Rain,95113,4,7
916,3/2/2016,63,59,0,5,,95113,6,5
203,3/20/2014,62,50,0,4,,95113,6,4
568,3/20/2015,60,54,0,5,,95113,6,5
934,3/20/2016,62,71,0.04,5,Rain,95113,6,7
204,3/21/2014,58,62,0,2,,95113,5,6
569,3/21/2015,61,58,0,5,,95113,6,5
935,3/21/2016,58,75,0.2,6,Rain,95113,5,8
205,3/22/2014,59,62,0,1,,95113,5,6
570,3/22/2015,63,63,0,6,Rain,95113,6,6
936,3/22/2016,55,70,0.06,3,Rain,95113,5,7
206,3/23/2014,58,65,0,3,,95113,5,6
571,3/23/2015,60,68,0.04,6,Rain,95113,6,7
937,3/23/2016,56,63,0,3,,95113,5,6
207,3/24/2014,61,54,0,0,,95113,6,5
572,3/24/2015,59,66,0,5,,95113,5,6
938,3/24/2016,57,67,0,2,,95113,5,7
208,3/25/2014,56,66,0.08,4,Rain,95113,5,6
573,3/25/2015,62,64,0,2,,95113,6,6
939,3/25/2016,59,70,0,2,,95113,5,7
209,3/26/2014,57,70,0.08,5,Rain,95113,5,7
574,3/26/2015,69,55,0,0,,95113,7,5
940,3/26/2016,60,62,0,3,,95113,6,6
210,3/27/2014,56,71,0,5,,95113,5,7
575,3/27/2015,63,74,0,1,,95113,6,8
941,3/27/2016,60,67,0,5,,95113,6,7
211,3/28/2014,61,65,0,5,,95113,6,6
576,3/28/2015,64,56,0,2,,95113,6,5
942,3/28/2016,54,54,0.04,3,Rain,95113,4,5
212,3/29/2014,57,82,0.33,6,Rain,95113,5,9
577,3/29/2015,63,55,0,1,,95113,6,5
943,3/29/2016,54,57,0,1,,95113,4,5
186,3/3/2014,56,82,0.17,6,Rain,95113,5,9
551,3/3/2015,52,69,0,1,,95113,4,7
917,3/3/2016,63,73,0,8,Rain,95113,6,7
213,3/30/2014,55,71,0.01,5,Rain,95113,5,7
578,3/30/2015,61,70,0,3,,95113,6,7
944,3/30/2016,55,64,0,1,,95113,5,6
214,3/31/2014,50,76,0.42,5,Rain,95113,4,8
579,3/31/2015,59,57,0,1,,95113,5,5
945,3/31/2016,60,66,0,4,,95113,6,6
187,3/4/2014,61,78,0,7,,95113,6,8
552,3/4/2015,55,55,0,1,,95113,5,5
918,3/4/2016,63,81,0.26,7,Rain,95113,6,9
188,3/5/2014,63,72,0,7,,95113,6,7
553,3/5/2015,59,51,0,0,,95113,5,4
919,3/5/2016,61,81,1.2,7,Rain,95113,6,9
189,3/6/2014,60,69,0.02,6,Rain,95113,6,7
554,3/6/2015,58,54,0,0,,95113,5,5
920,3/6/2016,56,70,0.73,6,Rain,95113,5,7
190,3/7/2014,58,68,0,3,,95113,5,7
555,3/7/2015,60,54,0,0,,95113,6,5
921,3/7/2016,53,73,0.63,7,Rain,95113,4,7
191,3/8/2014,60,63,0,4,,95113,6,6
556,3/8/2015,60,70,0,4,,95113,6,7
922,3/8/2016,51,74,0.01,5,Rain,95113,4,8
192,3/9/2014,69,46,0,5,,95113,7,4
557,3/9/2015,62,68,0,5,,95113,6,7
923,3/9/2016,62,73,0.02,7,Rain,95113,6,7
215,4/1/2014,50,80,0.29,6,Rain,95113,4,8
580,4/1/2015,56,53,0,2,,95113,5,5
946,4/1/2016,56,69,0,2,,95113,5,7
224,4/10/2014,66,60,0,5,,95113,7,6
589,4/10/2015,58,58,0,2,,95113,5,5
955,4/10/2016,58,84,0.24,8,Rain,95113,5,9
225,4/11/2014,62,75,0,6,,95113,6,8
590,4/11/2015,58,62,0,3,,95113,5,6
956,4/11/2016,62,71,0,7,,95113,6,7
226,4/12/2014,62,59,0,4,,95113,6,5
591,4/12/2015,63,60,0,1,,95113,6,6
957,4/12/2016,57,75,0,7,,95113,5,8
227,4/13/2014,65,61,0,3,,95113,7,6
592,4/13/2015,58,65,0,3,,95113,5,6
958,4/13/2016,59,66,0,3,,95113,5,6
228,4/14/2014,64,57,0,2,,95113,6,5
593,4/14/2015,57,43,0,1,,95113,5,3
959,4/14/2016,58,66,0.07,5,Rain,95113,5,6
229,4/15/2014,59,68,0,3,,95113,5,7
594,4/15/2015,60,47,0,2,,95113,6,4
960,4/15/2016,60,57,0,2,,95113,6,5
230,4/16/2014,64,58,0,2,,95113,6,5
595,4/16/2015,64,44,0,0,,95113,6,3
961,4/16/2016,65,52,0,1,,95113,7,4
231,4/17/2014,63,66,0,3,,95113,6,6
596,4/17/2015,65,51,0,0,,95113,7,4
962,4/17/2016,70,40,0,1,,95113,8,3
232,4/18/2014,61,64,0,2,,95113,6,6
597,4/18/2015,63,65,0,2,,95113,6,6
963,4/18/2016,72,35,0,3,,95113,8,2
233,4/19/2014,60,60,0,2,,95113,6,6
598,4/19/2015,60,70,0,4,,95113,6,7
964,4/19/2016,69,37,0,4,,95113,7,2
216,4/2/2014,52,73,0.01,2,,95113,4,7
581,4/2/2015,57,47,0,0,,95113,5,4
947,4/2/2016,63,68,0,6,,95113,6,7
234,4/20/2014,65,55,0,1,,95113,7,5
599,4/20/2015,62,69,0,5,,95113,6,7
965,4/20/2016,65,47,0,3,,95113,7,4
235,4/21/2014,62,53,0,5,,95113,6,5
600,4/21/2015,62,65,0,6,,95113,6,6
966,4/21/2016,67,64,0,6,,95113,7,6
236,4/22/2014,58,54,0,4,,95113,5,5
601,4/22/2015,62,65,0,4,,95113,6,6
967,4/22/2016,59,71,0.42,7,Rain,95113,5,7
237,4/23/2014,57,59,0,3,,95113,5,5
602,4/23/2015,62,65,0,6,,95113,6,6
968,4/23/2016,58,64,0,3,,95113,5,6
238,4/24/2014,59,66,0,5,Rain,95113,5,6
603,4/24/2015,59,57,0,4,Rain,95113,5,5
969,4/24/2016,60,61,0,5,,95113,6,6
239,4/25/2014,56,77,0.25,7,Rain,95113,5,8
604,4/25/2015,58,74,0.33,6,Rain,95113,5,8
970,4/25/2016,57,51,0,1,,95113,5,4
240,4/26/2014,55,62,0,6,,95113,5,6
605,4/26/2015,60,55,0,2,,95113,6,5
971,4/26/2016,57,61,0,5,,95113,5,6
241,4/27/2014,59,60,0,5,,95113,5,6
606,4/27/2015,68,57,0,2,,95113,7,5
972,4/27/2016,56,64,0.06,6,Rain,95113,5,6
242,4/28/2014,60,55,0,1,,95113,6,5
607,4/28/2015,62,70,0,5,,95113,6,7
973,4/28/2016,61,59,0,3,,95113,6,5
243,4/29/2014,67,48,0,3,,95113,7,4
608,4/29/2015,62,67,0,1,,95113,6,7
974,4/29/2016,61,63,0,4,,95113,6,6
217,4/3/2014,55,66,0,4,,95113,5,6
582,4/3/2015,59,43,0,0,,95113,5,3
948,4/3/2016,61,68,0,6,,95113,6,7
244,4/30/2014,76,43,0,3,,95113,9,3
609,4/30/2015,69,49,0,1,,95113,7,4
975,4/30/2016,64,52,0,0,,95113,6,4
218,4/4/2014,55,69,0.09,6,Rain,95113,5,7
583,4/4/2015,54,55,0,2,,95113,4,5
949,4/4/2016,62,59,0,3,,95113,6,5
219,4/5/2014,59,64,0,3,,95113,5,6
584,4/5/2015,53,60,0,4,,95113,4,6
950,4/5/2016,66,52,0,1,,95113,7,4
220,4/6/2014,61,65,0,2,,95113,6,6
585,4/6/2015,53,55,0,4,,95113,4,5
951,4/6/2016,71,44,0,3,,95113,8,3
221,4/7/2014,68,59,0,0,,95113,7,5
586,4/7/2015,54,70,0,5,Rain,95113,4,7
952,4/7/2016,69,49,0,5,,95113,7,4
222,4/8/2014,72,54,0,4,,95113,8,5
587,4/8/2015,56,57,0,4,,95113,5,5
953,4/8/2016,62,83,0.39,7,Rain,95113,6,9
223,4/9/2014,65,64,0,4,,95113,7,6
588,4/9/2015,57,55,0,3,,95113,5,5
954,4/9/2016,62,83,0.35,8,Rain,95113,6,9
245,5/1/2014,75,41,0,3,,95113,9,3
610,5/1/2015,71,56,0,1,,95113,8,5
976,5/1/2016,69,49,0,1,,95113,7,4
254,5/10/2014,60,55,0,1,,95113,6,5
619,5/10/2015,61,66,0,5,,95113,6,6
985,5/10/2016,66,70,0,5,,95113,7,7
255,5/11/2014,63,49,0,1,,95113,6,4
620,5/11/2015,58,68,0,3,,95113,5,7
986,5/11/2016,63,73,0,4,,95113,6,7
256,5/12/2014,68,36,0,2,,95113,7,2
621,5/12/2015,56,56,0,4,,95113,5,5
987,5/12/2016,64,69,0,6,,95113,6,7
257,5/13/2014,75,32,0,0,,95113,9,2
622,5/13/2015,58,57,0,4,,95113,5,5
988,5/13/2016,62,67,0,5,,95113,6,7
258,5/14/2014,76,32,0,2,,95113,9,2
623,5/14/2015,61,60,0.47,7,Rain,95113,6,6
989,5/14/2016,63,64,0,5,,95113,6,6
259,5/15/2014,74,29,0,4,,95113,8,1
624,5/15/2015,59,68,0,5,,95113,5,7
990,5/15/2016,66,67,0,4,,95113,7,7
260,5/16/2014,67,59,0,4,,95113,7,5
625,5/16/2015,59,66,0,5,,95113,5,6
991,5/16/2016,67,61,0,2,,95113,7,6
261,5/17/2014,63,65,0,4,,95113,6,6
626,5/17/2015,60,64,0,6,,95113,6,6
992,5/17/2016,73,51,0,1,,95113,8,4
262,5/18/2014,64,60,0,2,,95113,6,6
627,5/18/2015,60,67,0,7,,95113,6,7
993,5/18/2016,74,51,0,2,,95113,8,4
263,5/19/2014,61,59,0,5,,95113,6,5
628,5/19/2015,60,69,0,6,,95113,6,7
994,5/19/2016,64,62,0,4,,95113,6,6
246,5/2/2014,69,53,0,4,,95113,7,5
611,5/2/2015,63,65,0,2,,95113,6,6
977,5/2/2016,63,68,0,3,,95113,6,7
264,5/20/2014,63,61,0,5,,95113,6,6
629,5/20/2015,61,62,0,6,,95113,6,6
995,5/20/2016,59,55,0,4,,95113,5,5
265,5/21/2014,66,63,0,3,,95113,7,6
630,5/21/2015,62,64,0,7,,95113,6,6
996,5/21/2016,58,62,0.14,6,Rain,95113,5,6
266,5/22/2014,66,63,0,5,,95113,7,6
631,5/22/2015,61,72,0,7,,95113,6,7
997,5/22/2016,59,67,0,5,,95113,5,7
267,5/23/2014,66,70,0,5,,95113,7,7
632,5/23/2015,62,65,0,5,,95113,6,6
998,5/23/2016,60,64,0,4,,95113,6,6
268,5/24/2014,65,70,0,2,,95113,7,7
633,5/24/2015,61,64,0,2,,95113,6,6
999,5/24/2016,63,64,0,5,,95113,6,6
269,5/25/2014,69,55,0,1,,95113,7,5
634,5/25/2015,63,68,0,5,,95113,6,7
1000,5/25/2016,64,63,0,4,,95113,6,6
270,5/26/2014,68,55,0,0,,95113,7,5
635,5/26/2015,63,68,0,5,,95113,6,7
1001,5/26/2016,64,59,0,1,,95113,6,5
271,5/27/2014,63,59,0,0,,95113,6,5
636,5/27/2015,65,65,0,5,,95113,7,6
1002,5/27/2016,67,64,0,2,,95113,7,6
272,5/28/2014,64,49,0,0,,95113,6,4
637,5/28/2015,62,72,0,6,,95113,6,7
1003,5/28/2016,74,50,0,3,,95113,8,4
273,5/29/2014,68,44,0,1,,95113,7,3
638,5/29/2015,62,72,0,6,,95113,6,7
1004,5/29/2016,69,59,0,1,,95113,7,5
247,5/3/2014,62,69,0,4,,95113,6,7
612,5/3/2015,61,66,0,2,,95113,6,6
978,5/3/2016,64,64,0,7,,95113,6,6
274,5/30/2014,61,69,0,2,,95113,6,7
639,5/30/2015,63,70,0,6,,95113,6,7
1005,5/30/2016,69,63,0,1,,95113,7,6
275,5/31/2014,66,58,0,3,,95113,7,5
640,5/31/2015,63,67,0,6,,95113,6,7
1006,5/31/2016,74,58,0,1,,95113,8,5
248,5/4/2014,62,65,0,4,,95113,6,6
613,5/4/2015,58,66,0,4,,95113,5,6
979,5/4/2016,64,70,0,7,,95113,6,7
249,5/5/2014,60,60,0,4,,95113,6,6
614,5/5/2015,60,62,0,1,,95113,6,6
980,5/5/2016,63,62,0,7,,95113,6,6
250,5/6/2014,61,52,0,1,,95113,6,4
615,5/6/2015,60,62,0,1,,95113,6,6
981,5/6/2016,58,76,0.17,7,Rain,95113,5,8
251,5/7/2014,59,60,0,4,,95113,5,6
616,5/7/2015,54,67,0.03,5,Rain,95113,4,7
982,5/7/2016,60,75,0.01,6,Rain,95113,6,8
252,5/8/2014,60,65,0,6,Rain,95113,6,6
617,5/8/2015,62,62,0,2,,95113,6,6
983,5/8/2016,64,72,0,6,,95113,6,7
253,5/9/2014,62,64,0,5,,95113,6,6
618,5/9/2015,61,68,0,5,,95113,6,7
984,5/9/2016,64,73,0,5,Rain,95113,6,7
276,6/1/2014,66,61,0,1,,95113,7,6
641,6/1/2015,65,64,0,5,,95113,7,6
1007,6/1/2016,71,63,0,3,,95113,8,6
285,6/10/2014,67,70,0,0,,95113,7,7
650,6/10/2015,68,77,0.1,6,Rain,95113,7,8
1016,6/10/2016,65,62,0,3,,95113,7,6
286,6/11/2014,68,60,0,1,,95113,7,6
651,6/11/2015,71,77,0,5,,95113,8,8
1017,6/11/2016,70,53,0,3,,95113,8,5
287,6/12/2014,65,62,0,3,,95113,7,6
652,6/12/2015,72,65,0,0,,95113,8,6
1018,6/12/2016,72,55,0,1,,95113,8,5
288,6/13/2014,66,54,0,0,,95113,7,5
653,6/13/2015,72,66,0,0,,95113,8,6
1019,6/13/2016,67,61,0,2,,95113,7,6
289,6/14/2014,72,48,0,2,,95113,8,4
654,6/14/2015,65,66,0,2,,95113,7,6
1020,6/14/2016,63,52,0,3,Rain,95113,6,4
290,6/15/2014,64,61,0,4,,95113,6,6
655,6/15/2015,62,72,0,3,,95113,6,7
1021,6/15/2016,61,52,0,2,,95113,6,4
291,6/16/2014,62,58,0,1,,95113,6,5
656,6/16/2015,65,68,0,2,,95113,7,7
1022,6/16/2016,65,58,0,2,,95113,7,5
292,6/17/2014,65,54,0,1,,95113,7,5
657,6/17/2015,66,64,0,3,,95113,7,6
1023,6/17/2016,69,62,0,4,,95113,7,6
293,6/18/2014,71,43,0,0,,95113,8,3
658,6/18/2015,64,62,0,1,,95113,6,6
1024,6/18/2016,68,58,0,2,,95113,7,5
294,6/19/2014,66,62,0,1,,95113,7,6
659,6/19/2015,66,58,0,2,,95113,7,5
1025,6/19/2016,73,47,0,3,,95113,8,4
277,6/2/2014,63,67,0,1,,95113,6,7
642,6/2/2015,64,68,0,5,,95113,6,7
1008,6/2/2016,71,64,0,1,,95113,8,6
295,6/20/2014,70,55,0,4,,95113,8,5
660,6/20/2015,68,64,0,4,,95113,7,6
1026,6/20/2016,72,49,0,2,,95113,8,4
296,6/21/2014,63,61,0,3,,95113,6,6
661,6/21/2015,65,69,0,3,,95113,7,7
1027,6/21/2016,75,50,0,1,,95113,9,4
297,6/22/2014,64,62,0,1,,95113,6,6
662,6/22/2015,63,70,0,2,,95113,6,7
1028,6/22/2016,66,63,0,0,,95113,7,6
298,6/23/2014,66,62,0,3,,95113,7,6
663,6/23/2015,66,62,0,0,,95113,7,6
1029,6/23/2016,68,58,0,0,,95113,7,5
299,6/24/2014,66,57,0,1,,95113,7,5
664,6/24/2015,68,62,0,0,,95113,7,6
1030,6/24/2016,69,58,0,0,,95113,7,5
300,6/25/2014,66,72,0,4,,95113,7,7
665,6/25/2015,74,54,0,0,,95113,8,5
1031,6/25/2016,75,56,0,0,,95113,9,5
301,6/26/2014,69,64,0.01,4,,95113,7,6
666,6/26/2015,73,64,0,2,,95113,8,6
1032,6/26/2016,74,51,0,1,,95113,8,4
302,6/27/2014,69,69,0,3,,95113,7,7
667,6/27/2015,69,62,0,5,,95113,7,6
1033,6/27/2016,73,57,0,0,,95113,8,5
303,6/28/2014,68,61,0,1,,95113,7,6
668,6/28/2015,68,74,0,4,,95113,7,8
1034,6/28/2016,72,61,0,0,,95113,8,6
304,6/29/2014,72,56,0,0,,95113,8,5
669,6/29/2015,69,67,0,5,,95113,7,7
1035,6/29/2016,65,72,0,1,,95113,7,7
278,6/3/2014,66,58,0,1,,95113,7,5
643,6/3/2015,63,62,0,4,,95113,6,6
1009,6/3/2016,78,51,0,3,,95113,9,4
305,6/30/2014,77,54,0,4,,95113,9,5
670,6/30/2015,77,58,0,4,,95113,9,5
1036,6/30/2016,71,59,0,0,,95113,8,5
279,6/4/2014,66,65,0,1,,95113,7,6
644,6/4/2015,64,64,0,1,,95113,6,6
1010,6/4/2016,75,59,0,4,,95113,9,5
280,6/5/2014,68,64,0,1,,95113,7,6
645,6/5/2015,66,68,0,2,,95113,7,7
1011,6/5/2016,74,56,0,3,,95113,8,5
281,6/6/2014,65,64,0,0,,95113,7,6
646,6/6/2015,67,64,0,2,,95113,7,6
1012,6/6/2016,67,69,0,4,,95113,7,7
282,6/7/2014,66,66,0,1,,95113,7,6
647,6/7/2015,71,63,0,3,,95113,8,6
1013,6/7/2016,69,67,0,6,,95113,7,7
283,6/8/2014,75,55,0,0,,95113,9,5
648,6/8/2015,76,57,0,1,,95113,9,5
1014,6/8/2016,67,67,0,6,,95113,7,7
284,6/9/2014,76,61,0,0,,95113,9,6
649,6/9/2015,73,64,0,6,,95113,8,6
1015,6/9/2016,66,68,0,5,,95113,7,7
306,7/1/2014,68,66,0,1,,95113,7,6
671,7/1/2015,77,61,0,4,,95113,9,6
1037,7/1/2016,69,62,0,0,,95113,7,6
315,7/10/2014,69,66,0,1,,95113,7,6
680,7/10/2015,67,68,0,6,,95113,7,7
1046,7/10/2016,67,51,0,0,,95113,7,4
316,7/11/2014,68,64,0,2,,95113,7,6
681,7/11/2015,67,66,0,3,,95113,7,6
1047,7/11/2016,71,55,0,1,,95113,8,5
317,7/12/2014,66,69,0,4,,95113,7,7
682,7/12/2015,69,60,0,5,,95113,7,6
1048,7/12/2016,68,64,0,0,,95113,7,6
318,7/13/2014,68,69,0,5,,95113,7,7
683,7/13/2015,69,67,0,4,,95113,7,7
1049,7/13/2016,62,53,0,0,,95113,6,5
319,7/14/2014,74,63,0,3,,95113,8,6
684,7/14/2015,67,69,0,3,,95113,7,7
1050,7/14/2016,73,62,0,0,,95113,8,6
320,7/15/2014,72,72,0,4,,95113,8,7
685,7/15/2015,72,59,0,3,,95113,8,5
1051,7/15/2016,69,61,0,3,,95113,7,6
321,7/16/2014,73,67,0,3,,95113,8,7
686,7/16/2015,72,67,0,1,,95113,8,7
1052,7/16/2016,70,58,0,1,,95113,8,5
322,7/17/2014,69,67,0,1,,95113,7,7
687,7/17/2015,70,67,0,2,,95113,8,7
1053,7/17/2016,68,61,0,1,,95113,7,6
323,7/18/2014,69,69,0,3,,95113,7,7
688,7/18/2015,69,65,0,3,,95113,7,6
1054,7/18/2016,66,66,0,3,,95113,7,6
324,7/19/2014,70,67,0,5,,95113,8,7
689,7/19/2015,77,56,0,5,Rain,95113,9,5
1055,7/19/2016,66,63,0,2,,95113,7,6
307,7/2/2014,69,64,0,2,,95113,7,6
672,7/2/2015,71,71,0,5,,95113,8,7
1038,7/2/2016,68,60,0,0,,95113,7,6
325,7/20/2014,71,71,0,5,,95113,8,7
690,7/20/2015,76,61,0,3,,95113,9,6
1056,7/20/2016,68,62,0,0,,95113,7,6
326,7/21/2014,71,63,0,3,,95113,8,6
691,7/21/2015,69,69,0,3,,95113,7,7
1057,7/21/2016,68,60,0,2,,95113,7,6
327,7/22/2014,71,66,0,4,Rain,95113,8,6
692,7/22/2015,68,69,0,1,,95113,7,7
1058,7/22/2016,71,52,0,1,,95113,8,4
328,7/23/2014,69,65,0,2,,95113,7,6
693,7/23/2015,65,65,0,3,,95113,7,6
1059,7/23/2016,74,54,0,0,,95113,8,5
329,7/24/2014,72,65,0,1,,95113,8,6
694,7/24/2015,67,60,0,0,,95113,7,6
1060,7/24/2016,72,58,0,1,,95113,8,5
330,7/25/2014,78,48,0,1,,95113,9,4
695,7/25/2015,67,72,0,2,,95113,7,7
1061,7/25/2016,70,61,0,2,,95113,8,6
331,7/26/2014,75,59,0,2,,95113,9,5
696,7/26/2015,70,66,0,3,,95113,8,6
1062,7/26/2016,78,52,0,4,,95113,9,4
332,7/27/2014,74,62,0,3,,95113,8,6
697,7/27/2015,72,56,0,0,,95113,8,5
1063,7/27/2016,78,58,0,5,,95113,9,5
333,7/28/2014,71,68,0,4,,95113,8,7
698,7/28/2015,77,49,0,0,,95113,9,4
1064,7/28/2016,74,62,0,3,,95113,8,6
334,7/29/2014,73,65,0,1,,95113,8,6
699,7/29/2015,77,51,0,0,,95113,9,4
1065,7/29/2016,72,64,0,2,,95113,8,6
308,7/3/2014,69,68,0,0,,95113,7,7
673,7/3/2015,72,71,0,2,,95113,8,7
1039,7/3/2016,69,60,0,0,,95113,7,6
335,7/30/2014,72,74,0,2,,95113,8,8
700,7/30/2015,72,72,0,3,,95113,8,7
1066,7/30/2016,71,69,0,3,,95113,8,7
336,7/31/2014,71,74,0,4,,95113,8,8
701,7/31/2015,71,69,0,4,Rain,95113,8,7
1067,7/31/2016,69,66,0,3,,95113,7,6
309,7/4/2014,69,65,0,0,,95113,7,6
674,7/4/2015,71,72,0,3,,95113,8,7
1040,7/4/2016,68,63,0,1,,95113,7,6
310,7/5/2014,70,60,0,2,,95113,8,6
675,7/5/2015,71,66,0,4,,95113,8,6
1041,7/5/2016,67,62,0,3,,95113,7,6
311,7/6/2014,70,64,0,1,,95113,8,6
676,7/6/2015,70,67,0,5,,95113,8,7
1042,7/6/2016,65,65,0,1,,95113,7,6
312,7/7/2014,71,66,0,4,,95113,8,6
677,7/7/2015,69,69,0,5,,95113,7,7
1043,7/7/2016,65,65,0,3,,95113,7,6
313,7/8/2014,70,65,0,2,,95113,8,6
678,7/8/2015,67,69,0,5,,95113,7,7
1044,7/8/2016,69,62,0,5,,95113,7,6
314,7/9/2014,69,65,0,0,,95113,7,6
679,7/9/2015,68,66,0,7,,95113,7,6
1045,7/9/2016,70,61,0,4,,95113,8,6
337,8/1/2014,71,73,0,2,,95113,8,7
702,8/1/2015,71,65,0,2,,95113,8,6
1068,8/1/2016,69,63,0,4,,95113,7,6
346,8/10/2014,70,62,0,5,,95113,8,6
711,8/10/2015,70,69,0,3,,95113,8,7
1077,8/10/2016,70,60,0,1,,95113,8,6
347,8/11/2014,69,68,0,1,,95113,7,7
712,8/11/2015,71,67,0.02,4,,95113,8,7
1078,8/11/2016,69,63,0,1,,95113,7,6
348,8/12/2014,69,61,0,3,,95113,7,6
713,8/12/2015,69,63,0,1,,95113,7,6
1079,8/12/2016,70,65,0,2,,95113,8,6
349,8/13/2014,71,63,0,3,,95113,8,6
714,8/13/2015,72,63,0,3,,95113,8,6
1080,8/13/2016,74,58,0,2,,95113,8,5
350,8/14/2014,70,68,0,3,,95113,8,7
715,8/14/2015,72,66,0,4,,95113,8,6
1081,8/14/2016,73,64,0,4,,95113,8,6
351,8/15/2014,69,63,0,1,,95113,7,6
716,8/15/2015,76,52,0,4,,95113,9,4
1082,8/15/2016,70,67,0,4,,95113,8,7
352,8/16/2014,70,68,0,3,,95113,8,7
717,8/16/2015,82,54,0,4,,95113,10,5
1083,8/16/2016,71,62,0,4,,95113,8,6
353,8/17/2014,68,72,0,3,,95113,7,7
718,8/17/2015,77,57,0,1,,95113,9,5
1084,8/17/2016,71,63,0,2,,95113,8,6
354,8/18/2014,68,72,0,4,,95113,7,7
719,8/18/2015,70,68,0,2,,95113,8,7
1085,8/18/2016,71,64,0,2,,95113,8,6
355,8/19/2014,70,66,0,5,,95113,8,6
720,8/19/2015,69,67,0,4,,95113,7,7
1086,8/19/2016,68,67,0,1,,95113,7,7
338,8/2/2014,68,79,0,4,,95113,7,8
703,8/2/2015,70,67,0,5,,95113,8,7
1069,8/2/2016,69,61,0,0,,95113,7,6
356,8/20/2014,71,60,0,3,,95113,8,6
721,8/20/2015,69,71,0,4,,95113,7,7
1087,8/20/2016,69,69,0,2,,95113,7,7
357,8/21/2014,70,65,0,0,,95113,8,6
722,8/21/2015,70,67,0,3,,95113,8,7
1088,8/21/2016,69,66,0,5,,95113,7,6
358,8/22/2014,71,64,0,1,,95113,8,6
723,8/22/2015,70,66,0,4,,95113,8,6
1089,8/22/2016,69,65,0,3,,95113,7,6
359,8/23/2014,70,63,0,3,,95113,8,6
724,8/23/2015,69,72,0,6,,95113,7,7
1090,8/23/2016,71,63,0,4,,95113,8,6
360,8/24/2014,68,67,0,2,,95113,7,7
725,8/24/2015,70,67,0,3,,95113,8,7
1091,8/24/2016,69,66,0,3,,95113,7,6
361,8/25/2014,68,66,0,3,,95113,7,6
726,8/25/2015,70,71,0,4,,95113,8,7
1092,8/25/2016,68,67,0,4,,95113,7,7
362,8/26/2014,67,63,0,1,,95113,7,6
727,8/26/2015,73,55,0,3,,95113,8,5
1093,8/26/2016,71,65,0,4,,95113,8,6
363,8/27/2014,72,60,0,0,,95113,8,6
728,8/27/2015,78,48,0,3,,95113,9,4
1094,8/27/2016,70,59,0,4,,95113,8,5
364,8/28/2014,71,66,0,2,,95113,8,6
729,8/28/2015,80,60,0,3,,95113,10,6
1095,8/28/2016,70,65,0,4,,95113,8,6
0,8/29/2013,72,69,0,4,,95113,8,7
365,8/29/2014,72,65,0,6,,95113,8,6
730,8/29/2015,72,70,0,4,,95113,8,7
1096,8/29/2016,68,64,0,6,,95113,7,6
339,8/3/2014,66,75,0,6,,95113,7,8
704,8/3/2015,69,62,0,4,,95113,7,6
1070,8/3/2016,70,65,0,0,,95113,8,6
1,8/30/2013,76,65,0,2,,95113,9,6
366,8/30/2014,74,62,0,1,,95113,8,6
731,8/30/2015,70,64,0,3,,95113,8,6
1097,8/30/2016,70,60,0,2,,95113,8,6
2,8/31/2013,71,66,0,0,,95113,8,6
367,8/31/2014,70,66,0,0,,95113,8,6
732,8/31/2015,72,58,0,1,,95113,8,5
1098,8/31/2016,69,64,0,1,,95113,7,6
340,8/4/2014,69,66,0,5,,95113,7,6
705,8/4/2015,67,63,0,4,,95113,7,6
1071,8/4/2016,66,70,0,4,,95113,7,7
341,8/5/2014,71,67,0,5,,95113,8,7
706,8/5/2015,69,62,0,4,,95113,7,6
1072,8/5/2016,68,63,0,4,,95113,7,6
342,8/6/2014,74,65,0,4,,95113,8,6
707,8/6/2015,70,70,0.02,5,Rain,95113,8,7
1073,8/6/2016,67,67,0,4,,95113,7,7
343,8/7/2014,70,69,0,3,,95113,8,7
708,8/7/2015,72,62,0,1,,95113,8,6
1074,8/7/2016,67,64,0,2,,95113,7,6
344,8/8/2014,69,65,0,3,,95113,7,6
709,8/8/2015,69,66,0,3,,95113,7,6
1075,8/8/2016,69,60,0,1,,95113,7,6
345,8/9/2014,67,70,0,2,,95113,7,7
710,8/9/2015,68,62,0,2,,95113,7,6
1076,8/9/2016,71,59,0,2,,95113,8,5
3,9/1/2013,72,62,0,2,,95113,8,6
368,9/1/2014,72,59,0,0,,95113,8,5
733,9/1/2015,71,66,0,1,,95113,8,6
12,9/10/2013,70,65,0,2,,95113,8,6
377,9/10/2014,72,62,0,1,,95113,8,6
742,9/10/2015,81,45,0,2,,95113,10,3
13,9/11/2013,68,65,0,4,,95113,7,6
378,9/11/2014,73,56,0,1,,95113,8,5
743,9/11/2015,76,53,0,4,,95113,9,5
14,9/12/2013,69,71,0,5,,95113,7,7
379,9/12/2014,72,61,0,1,,95113,8,6
744,9/12/2015,69,67,0,5,,95113,7,7
15,9/13/2013,67,72,0,4,,95113,7,7
380,9/13/2014,71,71,0,4,,95113,8,7
745,9/13/2015,71,66,0,5,,95113,8,6
16,9/14/2013,66,72,0,4,,95113,7,7
381,9/14/2014,69,63,0,2,,95113,7,6
746,9/14/2015,67,73,0,5,,95113,7,7
17,9/15/2013,68,68,0,3,,95113,7,7
382,9/15/2014,69,67,0,2,,95113,7,7
747,9/15/2015,65,61,0,4,,95113,7,6
18,9/16/2013,71,68,0,4,,95113,8,7
383,9/16/2014,69,58,0,1,,95113,7,5
748,9/16/2015,64,61,0,4,,95113,6,6
19,9/17/2013,66,58,0,1,,95113,7,5
384,9/17/2014,71,60,0,3,,95113,8,6
749,9/17/2015,67,66,0,3,,95113,7,6
20,9/18/2013,69,54,0,0,,95113,7,5
385,9/18/2014,72,68,0,5,,95113,8,7
750,9/18/2015,68,64,0,0,,95113,7,6
21,9/19/2013,71,48,0,0,,95113,8,4
386,9/19/2014,70,76,0,3,,95113,8,8
751,9/19/2015,72,55,0,0,,95113,8,5
4,9/2/2013,73,68,0,5,Rain,95113,8,7
369,9/2/2014,68,72,0,0,,95113,7,7
734,9/2/2015,68,68,0,2,Rain,95113,7,7
22,9/20/2013,66,65,0,2,,95113,7,6
387,9/20/2014,70,74,0,4,,95113,8,8
752,9/20/2015,77,39,0,1,,95113,9,3
23,9/21/2013,64,79,0.66,6,Rain,95113,6,8
388,9/21/2014,68,71,0,5,,95113,7,7
753,9/21/2015,81,45,0,1,,95113,10,3
24,9/22/2013,63,69,0,2,,95113,6,7
389,9/22/2014,71,62,0,5,,95113,8,6
754,9/22/2015,67,72,0,1,,95113,7,7
25,9/23/2013,67,63,0,0,,95113,7,6
390,9/23/2014,69,70,0,4,,95113,7,7
755,9/23/2015,68,57,0,1,,95113,7,5
26,9/24/2013,67,66,0,1,,95113,7,6
391,9/24/2014,71,70,0,4,,95113,8,7
756,9/24/2015,74,48,0,5,,95113,8,4
27,9/25/2013,63,57,0,1,,95113,6,5
392,9/25/2014,65,77,0.36,6,Rain,95113,7,8
757,9/25/2015,74,54,0,3,,95113,8,5
28,9/26/2013,63,50,0,0,,95113,6,4
393,9/26/2014,65,67,0,4,,95113,7,7
758,9/26/2015,71,62,0,3,,95113,8,6
29,9/27/2013,64,50,0,0,,95113,6,4
394,9/27/2014,67,65,0,3,,95113,7,6
759,9/27/2015,70,68,0,5,,95113,8,7
30,9/28/2013,67,53,0,1,,95113,7,5
395,9/28/2014,67,68,0,4,,95113,7,7
760,9/28/2015,66,74,0,4,,95113,7,8
31,9/29/2013,66,70,0,2,,95113,7,7
396,9/29/2014,65,74,0,4,,95113,7,8
761,9/29/2015,64,70,0,6,,95113,6,7
5,9/3/2013,70,58,0,1,,95113,8,5
370,9/3/2014,69,68,0,3,,95113,7,7
735,9/3/2015,66,64,0,1,,95113,7,6
32,9/30/2013,67,74,0,3,,95113,7,8
397,9/30/2014,65,63,0,1,,95113,7,6
762,9/30/2015,62,81,0.01,6,Rain,95113,6,9
6,9/4/2013,69,62,0,1,,95113,7,6
371,9/4/2014,70,65,0,4,,95113,8,6
736,9/4/2015,66,60,0,2,,95113,7,6
7,9/5/2013,68,60,0,1,,95113,7,6
372,9/5/2014,67,71,0,2,,95113,7,7
737,9/5/2015,67,56,0,1,,95113,7,5
8,9/6/2013,72,54,0,0,,95113,8,5
373,9/6/2014,67,67,0,3,,95113,7,7
738,9/6/2015,69,40,0,2,,95113,7,3
9,9/7/2013,78,45,0,0,,95113,9,3
374,9/7/2014,66,70,0,3,,95113,7,7
739,9/7/2015,75,32,0,1,,95113,9,2
10,9/8/2013,74,59,0,0,,95113,8,5
375,9/8/2014,63,70,0,3,,95113,6,7
740,9/8/2015,78,29,0,0,,95113,9,1
11,9/9/2013,75,60,0,1,,95113,9,6
376,9/9/2014,65,68,0,2,,95113,7,7
741,9/9/2015,81,29,0,0,,95113,10,1