,Date,MeanTemperatureF,MeanHumidity ,PrecipitationIn ,CloudCover ,Events,zip,CloudDesc,PrecipDesc
0,8/29/2013,72,69,0.0,4,,95113,Cloudy,None
1,8/30/2013,76,65,0.0,2,,95113,Little Cloudy,None
2,8/31/2013,71,66,0.0,0,,95113,Clear,None
3,9/1/2013,72,62,0.0,2,,95113,Little Cloudy,None
4,9/2/2013,73,68,0.001,5,Rain,95113,Very Cloudy,None
5,9/3/2013,70,58,0.0,1,,95113,Clear,None
6,9/4/2013,69,62,0.0,1,,95113,Clear,None
7,9/5/2013,68,60,0.0,1,,95113,Clear,None
8,9/6/2013,72,54,0.0,0,,95113,Clear,None
9,9/7/2013,78,45,0.0,0,,95113,Clear,None
10,9/8/2013,74,59,0.0,0,,95113,Clear,None
11,9/9/2013,75,60,0.0,1,,95113,Clear,None
12,9/10/2013,70,65,0.0,2,,95113,Little Cloudy,None
13,9/11/2013,68,65,0.0,4,,95113,Cloudy,None
14,9/12/2013,69,71,0.0,5,,95113,Very Cloudy,None
15,9/13/2013,67,72,0.0,4,,95113,Cloudy,None
16,9/14/2013,66,72,0.0,4,,95113,Cloudy,None
17,9/15/2013,68,68,0.0,3,,95113,Cloudy,None
18,9/16/2013,71,68,0.0,4,,95113,Cloudy,None
19,9/17/2013,66,58,0.001,1,,95113,Clear,None
20,9/18/2013,69,54,0.0,0,,95113,Clear,None
21,9/19/2013,71,48,0.0,0,,95113,Clear,None
22,9/20/2013,66,65,0.0,2,,95113,Little Cloudy,None
23,9/21/2013,64,79,0.66,6,Rain,95113,Very Cloudy,Medium
24,9/22/2013,63,69,0.0,2,,95113,Little Cloudy,None
25,9/23/2013,67,63,0.0,0,,95113,Clear,None
26,9/24/2013,67,66,0.0,1,,95113,Clear,None
27,9/25/2013,63,57,0.0,1,,95113,Clear,None
28,9/26/2013,63,50,0.0,0,,95113,Clear,None
29,9/27/2013,64,50,0.0,0,,95113,Clear,None
30,9/28/2013,67,53,0.0,1,,95113,Clear,None
31,9/29/2013,66,70,0.0,2,,95113,Little Cloudy,None
32,9/30/2013,67,74,0.0,3,,95113,Cloudy,None
33,10/1/2013,63,58,0.0,3,,95113,Cloudy,None
34,10/2/2013,64,57,0.0,1,,95113,Clear,None
35,10/3/2013,62,46,0.0,0,,95113,Clear,None
36,10/4/2013,70,25,0.0,0,,95113,Clear,None
37,10/5/2013,67,31,0.0,0,,95113,Clear,None
38,10/6/2013,67,32,0.0,4,,95113,Cloudy,None
39,10/7/2013,68,38,0.0,2,,95113,Little Cloudy,None
40,10/8/2013,63,56,0.0,2,,95113,Little Cloudy,None
41,10/9/2013,59,66,0.0,2,,95113,Little Cloudy,None
42,10/10/2013,62,59,0.0,1,,95113,Clear,None
43,10/11/2013,58,73,0.0,0,,95113,Clear,None
44,10/12/2013,59,68,0.0,1,,95113,Clear,None
45,10/13/2013,60,64,0.0,1,,95113,Clear,None
46,10/14/2013,63,50,0.0,0,,95113,Clear,None
47,10/15/2013,63,43,0.0,0,,95113,Clear,None
48,10/16/2013,66,39,0.0,1,,95113,Clear,None
49,10/17/2013,65,39,0.0,0,,95113,Clear,None
50,10/18/2013,64,54,0.0,0,,95113,Clear,None
51,10/19/2013,64,57,0.0,0,,95113,Clear,None
52,10/20/2013,62,67,0.0,3,,95113,Cloudy,None
53,10/21/2013,61,74,0.0,3,,95113,Cloudy,None
54,10/22/2013,62,72,0.0,4,,95113,Cloudy,None
55,10/23/2013,60,82,0.0,5,,95113,Very Cloudy,None
56,10/24/2013,55,84,0.0,5,,95113,Very Cloudy,None
57,10/25/2013,58,69,0.0,5,,95113,Very Cloudy,None
58,10/26/2013,61,66,0.0,1,,95113,Clear,None
59,10/27/2013,57,78,0.0,5,,95113,Very Cloudy,None
60,10/28/2013,59,60,0.0,6,,95113,Very Cloudy,None
61,10/29/2013,56,71,0.0,4,,95113,Cloudy,None
62,10/30/2013,56,67,0.0,1,,95113,Clear,None
63,10/31/2013,58,62,0.0,0,,95113,Clear,None
64,11/1/2013,61,52,0.0,0,,95113,Clear,None
65,11/2/2013,57,62,0.0,2,,95113,Little Cloudy,None
66,11/3/2013,55,59,0.0,4,,95113,Cloudy,None
67,11/4/2013,54,53,0.0,0,,95113,Clear,None
68,11/5/2013,58,49,0.0,1,,95113,Clear,None
69,11/6/2013,60,44,0.0,4,,95113,Cloudy,None
70,11/7/2013,62,50,0.0,2,,95113,Little Cloudy,None
71,11/8/2013,58,72,0.0,2,,95113,Little Cloudy,None
72,11/9/2013,61,56,0.0,1,,95113,Clear,None
73,11/10/2013,55,76,0.0,3,Fog,95113,Cloudy,None
74,11/11/2013,59,74,0.0,7,,95113,Overcast,None
75,11/12/2013,62,61,0.0,3,,95113,Cloudy,None
76,11/13/2013,60,63,0.0,3,,95113,Cloudy,None
77,11/14/2013,57,84,0.0,6,,95113,Very Cloudy,None
78,11/15/2013,55,64,0.0,1,,95113,Clear,None
79,11/16/2013,52,66,0.0,2,,95113,Little Cloudy,None
80,11/17/2013,54,73,0.0,3,,95113,Cloudy,None
81,11/18/2013,53,72,0.0,5,,95113,Very Cloudy,None
82,11/19/2013,57,78,0.29,7,Rain,95113,Overcast,Light
83,11/20/2013,58,89,0.47,7,Rain,95113,Overcast,Light
84,11/21/2013,56,63,0.01,5,Rain,95113,Very Cloudy,None
85,11/22/2013,58,31,0.0,2,,95113,Little Cloudy,None
86,11/23/2013,53,50,0.0,0,,95113,Clear,None
87,11/24/2013,53,62,0.0,0,,95113,Clear,None
88,11/25/2013,53,64,0.0,1,,95113,Clear,None
89,11/26/2013,53,66,0.0,5,,95113,Very Cloudy,None
90,11/27/2013,54,68,0.0,4,,95113,Cloudy,None
91,11/28/2013,57,62,0.0,2,,95113,Little Cloudy,None
92,11/29/2013,57,60,0.0,0,,95113,Clear,None
93,11/30/2013,53,67,0.0,1,,95113,Clear,None
94,12/1/2013,55,65,0.0,0,,95113,Clear,None
95,12/2/2013,53,77,0.0,4,,95113,Cloudy,None
96,12/3/2013,49,70,0.001,5,Rain,95113,Very Cloudy,None
97,12/4/2013,43,53,0.0,0,,95113,Clear,None
98,12/5/2013,41,50,0.0,0,,95113,Clear,None
99,12/6/2013,42,61,0.04,5,Rain,95113,Very Cloudy,None
100,12/7/2013,42,66,0.09,2,Rain,95113,Little Cloudy,None
101,12/8/2013,39,57,0.0,2,,95113,Little Cloudy,None
102,12/9/2013,38,48,0.0,0,,95113,Clear,None
103,12/10/2013,41,55,0.0,1,,95113,Clear,None
104,12/11/2013,44,53,0.0,0,,95113,Clear,None
105,12/12/2013,44,58,0.0,1,,95113,Clear,None
106,12/13/2013,47,65,0.0,2,,95113,Little Cloudy,None
107,12/14/2013,48,63,0.0,0,,95113,Clear,None
108,12/15/2013,47,64,0.0,3,,95113,Cloudy,None
109,12/16/2013,52,57,0.0,4,,95113,Cloudy,None
110,12/17/2013,53,54,0.0,5,,95113,Very Cloudy,None
111,12/18/2013,53,68,0.0,4,,95113,Cloudy,None
112,12/19/2013,50,66,0.0,3,,95113,Cloudy,None
113,12/20/2013,48,37,0.0,1,,95113,Clear,None
114,12/21/2013,48,63,0.0,0,,95113,Clear,None
115,12/22/2013,52,63,0.0,0,,95113,Clear,None
116,12/23/2013,51,62,0.0,0,,95113,Clear,None
117,12/24/2013,54,59,0.0,1,,95113,Clear,None
118,12/25/2013,52,59,0.0,0,,95113,Clear,None
119,12/26/2013,53,57,0.0,0,,95113,Clear,None
120,12/27/2013,48,67,0.0,4,,95113,Cloudy,None
121,12/28/2013,51,59,0.0,0,,95113,Clear,None
122,12/29/2013,52,47,0.0,0,,95113,Clear,None
123,12/30/2013,50,50,0.0,3,,95113,Cloudy,None
124,12/31/2013,48,72,0.0,4,Fog,95113,Cloudy,None
125,1/1/2014,49,62,0.0,2,,95113,Little Cloudy,None
126,1/2/2014,52,57,0.0,2,,95113,Little Cloudy,None
127,1/3/2014,52,53,0.0,3,,95113,Cloudy,None
128,1/4/2014,52,57,0.0,1,,95113,Clear,None
129,1/5/2014,51,45,0.0,0,,95113,Clear,None
130,1/6/2014,50,53,0.0,5,,95113,Very Cloudy,None
131,1/7/2014,54,58,0.0,4,,95113,Cloudy,None
132,1/8/2014,54,82,0.001,7,Rain,95113,Overcast,None
133,1/9/2014,53,79,0.01,6,Rain,95113,Very Cloudy,None
134,1/10/2014,52,69,0.0,3,,95113,Cloudy,None
135,1/11/2014,51,78,0.0,4,,95113,Cloudy,None
136,1/12/2014,52,72,0.0,3,,95113,Cloudy,None
137,1/13/2014,56,48,0.0,0,,95113,Clear,None
138,1/14/2014,57,43,0.0,0,,95113,Clear,None
139,1/15/2014,55,37,0.0,0,,95113,Clear,None
140,1/16/2014,56,40,0.0,0,,95113,Clear,None
141,1/17/2014,54,42,0.0,0,,95113,Clear,None
142,1/18/2014,54,46,0.0,0,,95113,Clear,None
143,1/19/2014,53,43,0.0,1,,95113,Clear,None
144,1/20/2014,54,44,0.0,1,,95113,Clear,None
145,1/21/2014,53,47,0.0,3,,95113,Cloudy,None
146,1/22/2014,55,51,0.0,0,,95113,Clear,None
147,1/23/2014,54,52,0.0,0,,95113,Clear,None
148,1/24/2014,53,58,0.0,3,,95113,Cloudy,None
149,1/25/2014,58,50,0.0,1,,95113,Clear,None
150,1/26/2014,58,58,0.0,2,,95113,Little Cloudy,None
151,1/27/2014,55,74,0.0,7,Fog,95113,Overcast,None
152,1/28/2014,58,73,0.0,7,,95113,Overcast,None
153,1/29/2014,62,84,0.01,7,Rain,95113,Overcast,None
154,1/30/2014,56,74,0.1,6,Rain,95113,Very Cloudy,None
155,1/31/2014,52,60,0.0,3,,95113,Cloudy,None
156,2/1/2014,49,52,0.0,1,,95113,Clear,None
157,2/2/2014,48,80,0.08,5,Rain,95113,Very Cloudy,None
158,2/3/2014,48,68,0.0,3,,95113,Cloudy,None
159,2/4/2014,46,68,0.0,4,,95113,Cloudy,None
160,2/5/2014,47,64,0.01,6,Rain,95113,Very Cloudy,None
161,2/6/2014,50,86,0.61,7,Rain,95113,Overcast,Medium
162,2/7/2014,51,92,0.14,7,Rain,95113,Overcast,None
163,2/8/2014,57,79,0.02,7,Rain,95113,Overcast,None
164,2/9/2014,60,80,0.05,8,,95113,Overcast,None
165,2/10/2014,57,86,0.01,7,,95113,Overcast,None
166,2/11/2014,56,80,0.0,7,,95113,Overcast,None
167,2/12/2014,56,78,0.0,7,,95113,Overcast,None
168,2/13/2014,59,80,0.0,5,Fog,95113,Very Cloudy,None
169,2/14/2014,58,82,0.001,7,,95113,Overcast,None
170,2/15/2014,56,80,0.02,6,Rain,95113,Very Cloudy,None
171,2/16/2014,55,67,0.04,5,Rain,95113,Very Cloudy,None
172,2/17/2014,50,64,0.0,3,,95113,Cloudy,None
173,2/18/2014,54,64,0.0,5,,95113,Very Cloudy,None
174,2/19/2014,56,72,0.01,4,Rain,95113,Cloudy,None
175,2/20/2014,55,59,0.0,3,,95113,Cloudy,None
176,2/21/2014,57,54,0.0,1,,95113,Clear,None
177,2/22/2014,57,60,0.0,2,,95113,Little Cloudy,None
178,2/23/2014,57,64,0.0,3,,95113,Cloudy,None
179,2/24/2014,59,61,0.0,1,,95113,Clear,None
180,2/25/2014,55,76,0.0,4,,95113,Cloudy,None
181,2/26/2014,57,83,0.68,7,Rain,95113,Overcast,Medium
182,2/27/2014,59,66,0.01,6,Rain,95113,Very Cloudy,None
183,2/28/2014,57,78,0.97,7,Rain,95113,Overcast,Medium
184,3/1/2014,59,73,0.21,5,Rain,95113,Very Cloudy,Light
185,3/2/2014,57,71,0.02,5,Rain,95113,Very Cloudy,None
186,3/3/2014,56,82,0.17,6,Rain,95113,Very Cloudy,None
187,3/4/2014,61,78,0.0,7,,95113,Overcast,None
188,3/5/2014,63,72,0.001,7,,95113,Overcast,None
189,3/6/2014,60,69,0.02,6,Rain,95113,Very Cloudy,None
190,3/7/2014,58,68,0.0,3,,95113,Cloudy,None
191,3/8/2014,60,63,0.0,4,,95113,Cloudy,None
192,3/9/2014,69,46,0.0,5,,95113,Very Cloudy,None
193,3/10/2014,62,63,0.01,4,Rain,95113,Cloudy,None
194,3/11/2014,63,42,0.0,1,,95113,Clear,None
195,3/12/2014,64,26,0.0,0,,95113,Clear,None
196,3/13/2014,62,42,0.0,0,,95113,Clear,None
197,3/14/2014,58,56,0.0,2,,95113,Little Cloudy,None
198,3/15/2014,64,56,0.0,0,,95113,Clear,None
199,3/16/2014,65,51,0.0,2,,95113,Little Cloudy,None
200,3/17/2014,59,62,0.0,3,,95113,Cloudy,None
201,3/18/2014,58,52,0.0,0,,95113,Clear,None
202,3/19/2014,61,43,0.0,3,,95113,Cloudy,None
203,3/20/2014,62,50,0.0,4,,95113,Cloudy,None
204,3/21/2014,58,62,0.001,2,,95113,Little Cloudy,None
205,3/22/2014,59,62,0.0,1,,95113,Clear,None
206,3/23/2014,58,65,0.0,3,,95113,Cloudy,None
207,3/24/2014,61,54,0.0,0,,95113,Clear,None
208,3/25/2014,56,66,0.08,4,Rain,95113,Cloudy,None
209,3/26/2014,57,70,0.08,5,Rain,95113,Very Cloudy,None
210,3/27/2014,56,71,0.0,5,,95113,Very Cloudy,None
211,3/28/2014,61,65,0.0,5,,95113,Very Cloudy,None
212,3/29/2014,57,82,0.33,6,Rain,95113,Very Cloudy,Light
213,3/30/2014,55,71,0.01,5,Rain,95113,Very Cloudy,None
214,3/31/2014,50,76,0.42,5,Rain,95113,Very Cloudy,Light
215,4/1/2014,50,80,0.29,6,Rain,95113,Very Cloudy,Light
216,4/2/2014,52,73,0.01,2,,95113,Little Cloudy,None
217,4/3/2014,55,66,0.0,4,,95113,Cloudy,None
218,4/4/2014,55,69,0.09,6,Rain,95113,Very Cloudy,None
219,4/5/2014,59,64,0.0,3,,95113,Cloudy,None
220,4/6/2014,61,65,0.0,2,,95113,Little Cloudy,None
221,4/7/2014,68,59,0.0,0,,95113,Clear,None
222,4/8/2014,72,54,0.0,4,,95113,Cloudy,None
223,4/9/2014,65,64,0.0,4,,95113,Cloudy,None
224,4/10/2014,66,60,0.0,5,,95113,Very Cloudy,None
225,4/11/2014,62,75,0.0,6,,95113,Very Cloudy,None
226,4/12/2014,62,59,0.0,4,,95113,Cloudy,None
227,4/13/2014,65,61,0.0,3,,95113,Cloudy,None
228,4/14/2014,64,57,0.0,2,,95113,Little Cloudy,None
229,4/15/2014,59,68,0.0,3,,95113,Cloudy,None
230,4/16/2014,64,58,0.0,2,,95113,Little Cloudy,None
231,4/17/2014,63,66,0.0,3,,95113,Cloudy,None
232,4/18/2014,61,64,0.0,2,,95113,Little Cloudy,None
233,4/19/2014,60,60,0.0,2,,95113,Little Cloudy,None
234,4/20/2014,65,55,0.0,1,,95113,Clear,None
235,4/21/2014,62,53,0.0,5,,95113,Very Cloudy,None
236,4/22/2014,58,54,0.001,4,,95113,Cloudy,None
237,4/23/2014,57,59,0.0,3,,95113,Cloudy,None
238,4/24/2014,59,66,0.001,5,Rain,95113,Very Cloudy,None
239,4/25/2014,56,77,0.25,7,Rain,95113,Overcast,Light
240,4/26/2014,55,62,0.0,6,,95113,Very Cloudy,None
241,4/27/2014,59,60,0.0,5,,95113,Very Cloudy,None
242,4/28/2014,60,55,0.0,1,,95113,Clear,None
243,4/29/2014,67,48,0.0,3,,95113,Cloudy,None
244,4/30/2014,76,43,0.0,3,,95113,Cloudy,None
245,5/1/2014,75,41,0.0,3,,95113,Cloudy,None
246,5/2/2014,69,53,0.0,4,,95113,Cloudy,None
247,5/3/2014,62,69,0.0,4,,95113,Cloudy,None
248,5/4/2014,62,65,0.0,4,,95113,Cloudy,None
249,5/5/2014,60,60,0.0,4,,95113,Cloudy,None
250,5/6/2014,61,52,0.0,1,,95113,Clear,None
251,5/7/2014,59,60,0.0,4,,95113,Cloudy,None
252,5/8/2014,60,65,0.001,6,Rain,95113,Very Cloudy,None
253,5/9/2014,62,64,0.0,5,,95113,Very Cloudy,None
254,5/10/2014,60,55,0.0,1,,95113,Clear,None
255,5/11/2014,63,49,0.0,1,,95113,Clear,None
256,5/12/2014,68,36,0.0,2,,95113,Little Cloudy,None
257,5/13/2014,75,32,0.0,0,,95113,Clear,None
258,5/14/2014,76,32,0.0,2,,95113,Little Cloudy,None
259,5/15/2014,74,29,0.0,4,,95113,Cloudy,None
260,5/16/2014,67,59,0.0,4,,95113,Cloudy,None
261,5/17/2014,63,65,0.0,4,,95113,Cloudy,None
262,5/18/2014,64,60,0.0,2,,95113,Little Cloudy,None
263,5/19/2014,61,59,0.0,5,,95113,Very Cloudy,None
264,5/20/2014,63,61,0.0,5,,95113,Very Cloudy,None
265,5/21/2014,66,63,0.0,3,,95113,Cloudy,None
266,5/22/2014,66,63,0.0,5,,95113,Very Cloudy,None
267,5/23/2014,66,70,0.0,5,,95113,Very Cloudy,None
268,5/24/2014,65,70,0.0,2,,95113,Little Cloudy,None
269,5/25/2014,69,55,0.0,1,,95113,Clear,None
270,5/26/2014,68,55,0.0,0,,95113,Clear,None
271,5/27/2014,63,59,0.0,0,,95113,Clear,None
272,5/28/2014,64,49,0.0,0,,95113,Clear,None
273,5/29/2014,68,44,0.0,1,,95113,Clear,None
274,5/30/2014,61,69,0.0,2,,95113,Little Cloudy,None
275,5/31/2014,66,58,0.0,3,,95113,Cloudy,None
276,6/1/2014,66,61,0.0,1,,95113,Clear,None
277,6/2/2014,63,67,0.0,1,,95113,Clear,None
278,6/3/2014,66,58,0.0,1,,95113,Clear,None
279,6/4/2014,66,65,0.0,1,,95113,Clear,None
280,6/5/2014,68,64,0.0,1,,95113,Clear,None
281,6/6/2014,65,64,0.0,0,,95113,Clear,None
282,6/7/2014,66,66,0.0,1,,95113,Clear,None
283,6/8/2014,75,55,0.0,0,,95113,Clear,None
284,6/9/2014,76,61,0.0,0,,95113,Clear,None
285,6/10/2014,67,70,0.0,0,,95113,Clear,None
286,6/11/2014,68,60,0.0,1,,95113,Clear,None
287,6/12/2014,65,62,0.0,3,,95113,Cloudy,None
288,6/13/2014,66,54,0.0,0,,95113,Clear,None
289,6/14/2014,72,48,0.0,2,,95113,Little Cloudy,None
290,6/15/2014,64,61,0.0,4,,95113,Cloudy,None
291,6/16/2014,62,58,0.0,1,,95113,Clear,None
292,6/17/2014,65,54,0.0,1,,95113,Clear,None
293,6/18/2014,71,43,0.0,0,,95113,Clear,None
294,6/19/2014,66,62,0.0,1,,95113,Clear,None
295,6/20/2014,70,55,0.0,4,,95113,Cloudy,None
296,6/21/2014,63,61,0.0,3,,95113,Cloudy,None
297,6/22/2014,64,62,0.0,1,,95113,Clear,None
298,6/23/2014,66,62,0.0,3,,95113,Cloudy,None
299,6/24/2014,66,57,0.0,1,,95113,Clear,None
300,6/25/2014,66,72,0.0,4,,95113,Cloudy,None
301,6/26/2014,69,64,0.01,4,,95113,Cloudy,None
302,6/27/2014,69,69,0.0,3,,95113,Cloudy,None
303,6/28/2014,68,61,0.0,1,,95113,Clear,None
304,6/29/2014,72,56,0.0,0,,95113,Clear,None
305,6/30/2014,77,54,0.0,4,,95113,Cloudy,None
306,7/1/2014,68,66,0.0,1,,95113,Clear,None
307,7/2/2014,69,64,0.0,2,,95113,Little Cloudy,None
308,7/3/2014,69,68,0.0,0,,95113,Clear,None
309,7/4/2014,69,65,0.0,0,,95113,Clear,None
310,7/5/2014,70,60,0.0,2,,95113,Little Cloudy,None
311,7/6/2014,70,64,0.0,1,,95113,Clear,None
312,7/7/2014,71,66,0.0,4,,95113,Cloudy,None
313,7/8/2014,70,65,0.0,2,,95113,Little Cloudy,None
314,7/9/2014,69,65,0.0,0,,95113,Clear,None
315,7/10/2014,69,66,0.0,1,,95113,Clear,None
316,7/11/2014,68,64,0.0,2,,95113,Little Cloudy,None
317,7/12/2014,66,69,0.0,4,,95113,Cloudy,None
318,7/13/2014,68,69,0.0,5,,95113,Very Cloudy,None
319,7/14/2014,74,63,0.0,3,,95113,Cloudy,None
320,7/15/2014,72,72,0.001,4,,95113,Cloudy,None
321,7/16/2014,73,67,0.0,3,,95113,Cloudy,None
322,7/17/2014,69,67,0.0,1,,95113,Clear,None
323,7/18/2014,69,69,0.0,3,,95113,Cloudy,None
324,7/19/2014,70,67,0.001,5,,95113,Very Cloudy,None
325,7/20/2014,71,71,0.0,5,,95113,Very Cloudy,None
326,7/21/2014,71,63,0.0,3,,95113,Cloudy,None
327,7/22/2014,71,66,0.001,4,Rain,95113,Cloudy,None
328,7/23/2014,69,65,0.0,2,,95113,Little Cloudy,None
329,7/24/2014,72,65,0.0,1,,95113,Clear,None
330,7/25/2014,78,48,0.0,1,,95113,Clear,None
331,7/26/2014,75,59,0.0,2,,95113,Little Cloudy,None
332,7/27/2014,74,62,0.0,3,,95113,Cloudy,None
333,7/28/2014,71,68,0.0,4,,95113,Cloudy,None
334,7/29/2014,73,65,0.0,1,,95113,Clear,None
335,7/30/2014,72,74,0.0,2,,95113,Little Cloudy,None
336,7/31/2014,71,74,0.0,4,,95113,Cloudy,None
337,8/1/2014,71,73,0.0,2,,95113,Little Cloudy,None
338,8/2/2014,68,79,0.0,4,,95113,Cloudy,None
339,8/3/2014,66,75,0.0,6,,95113,Very Cloudy,None
340,8/4/2014,69,66,0.0,5,,95113,Very Cloudy,None
341,8/5/2014,71,67,0.0,5,,95113,Very Cloudy,None
342,8/6/2014,74,65,0.001,4,,95113,Cloudy,None
343,8/7/2014,70,69,0.0,3,,95113,Cloudy,None
344,8/8/2014,69,65,0.0,3,,95113,Cloudy,None
345,8/9/2014,67,70,0.0,2,,95113,Little Cloudy,None
346,8/10/2014,70,62,0.0,5,,95113,Very Cloudy,None
347,8/11/2014,69,68,0.0,1,,95113,Clear,None
348,8/12/2014,69,61,0.0,3,,95113,Cloudy,None
349,8/13/2014,71,63,0.0,3,,95113,Cloudy,None
350,8/14/2014,70,68,0.0,3,,95113,Cloudy,None
351,8/15/2014,69,63,0.0,1,,95113,Clear,None
352,8/16/2014,70,68,0.0,3,,95113,Cloudy,None
353,8/17/2014,68,72,0.0,3,,95113,Cloudy,None
354,8/18/2014,68,72,0.0,4,,95113,Cloudy,None
355,8/19/2014,70,66,0.0,5,,95113,Very Cloudy,None
356,8/20/2014,71,60,0.0,3,,95113,Cloudy,None
357,8/21/2014,70,65,0.0,0,,95113,Clear,None
358,8/22/2014,71,64,0.0,1,,95113,Clear,None
359,8/23/2014,70,63,0.0,3,,95113,Cloudy,None
360,8/24/2014,68,67,0.0,2,,95113,Little Cloudy,None
361,8/25/2014,68,66,0.0,3,,95113,Cloudy,None
362,8/26/2014,67,63,0.0,1,,95113,Clear,None
363,8/27/2014,72,60,0.0,0,,95113,Clear,None
364,8/28/2014,71,66,0.0,2,,95113,Little Cloudy,None
365,8/29/2014,72,65,0.0,6,,95113,Very Cloudy,None
366,8/30/2014,74,62,0.0,1,,95113,Clear,None
367,8/31/2014,70,66,0.0,0,,95113,Clear,None
368,9/1/2014,72,59,0.0,0,,95113,Clear,None
369,9/2/2014,68,72,0.0,0,,95113,Clear,None
370,9/3/2014,69,68,0.0,3,,95113,Cloudy,None
371,9/4/2014,70,65,0.0,4,,95113,Cloudy,None
372,9/5/2014,67,71,0.0,2,,95113,Little Cloudy,None
373,9/6/2014,67,67,0.0,3,,95113,Cloudy,None
374,9/7/2014,66,70,0.0,3,,95113,Cloudy,None
375,9/8/2014,63,70,0.0,3,,95113,Cloudy,None
376,9/9/2014,65,68,0.0,2,,95113,Little Cloudy,None
377,9/10/2014,72,62,0.0,1,,95113,Clear,None
378,9/11/2014,73,56,0.0,1,,95113,Clear,None
379,9/12/2014,72,61,0.0,1,,95113,Clear,None
380,9/13/2014,71,71,0.0,4,,95113,Cloudy,None
381,9/14/2014,69,63,0.0,2,,95113,Little Cloudy,None
382,9/15/2014,69,67,0.0,2,,95113,Little Cloudy,None
383,9/16/2014,69,58,0.0,1,,95113,Clear,None
384,9/17/2014,71,60,0.0,3,,95113,Cloudy,None
385,9/18/2014,72,68,0.001,5,,95113,Very Cloudy,None
386,9/19/2014,70,76,0.0,3,,95113,Cloudy,None
387,9/20/2014,70,74,0.0,4,,95113,Cloudy,None
388,9/21/2014,68,71,0.0,5,,95113,Very Cloudy,None
389,9/22/2014,71,62,0.0,5,,95113,Very Cloudy,None
390,9/23/2014,69,70,0.0,4,,95113,Cloudy,None
391,9/24/2014,71,70,0.0,4,,95113,Cloudy,None
392,9/25/2014,65,77,0.36,6,Rain,95113,Very Cloudy,Light
393,9/26/2014,65,67,0.001,4,,95113,Cloudy,None
394,9/27/2014,67,65,0.0,3,,95113,Cloudy,None
395,9/28/2014,67,68,0.0,4,,95113,Cloudy,None
396,9/29/2014,65,74,0.0,4,,95113,Cloudy,None
397,9/30/2014,65,63,0.0,1,,95113,Clear,None
398,10/1/2014,70,54,0.0,0,,95113,Clear,None
399,10/2/2014,72,41,0.0,0,,95113,Clear,None
400,10/3/2014,75,37,0.0,0,,95113,Clear,None
401,10/4/2014,75,35,0.0,1,,95113,Clear,None
402,10/5/2014,74,38,0.0,1,,95113,Clear,None
403,10/6/2014,72,54,0.0,1,,95113,Clear,None
404,10/7/2014,69,60,0.0,2,,95113,Little Cloudy,None
405,10/8/2014,70,59,0.0,1,,95113,Clear,None
406,10/9/2014,65,73,0.0,2,,95113,Little Cloudy,None
407,10/10/2014,64,76,0.0,5,,95113,Very Cloudy,None
408,10/11/2014,65,66,0.0,3,,95113,Cloudy,None
409,10/12/2014,71,53,0.0,0,,95113,Clear,None
410,10/13/2014,71,48,0.0,1,,95113,Clear,None
411,10/14/2014,64,71,0.0,4,,95113,Cloudy,None
412,10/15/2014,66,63,0.001,5,,95113,Very Cloudy,None
413,10/16/2014,63,63,0.0,5,,95113,Very Cloudy,None
414,10/17/2014,63,60,0.0,4,,95113,Cloudy,None
415,10/18/2014,66,60,0.0,0,,95113,Clear,None
416,10/19/2014,65,77,0.0,4,Fog,95113,Cloudy,None
417,10/20/2014,61,75,0.001,5,Rain,95113,Very Cloudy,None
418,10/21/2014,59,65,0.0,2,,95113,Little Cloudy,None
419,10/22/2014,60,62,0.0,4,,95113,Cloudy,None
420,10/23/2014,65,65,0.0,3,,95113,Cloudy,None
421,10/24/2014,65,69,0.0,2,,95113,Little Cloudy,None
422,10/25/2014,64,74,0.11,5,Rain,95113,Very Cloudy,None
423,10/26/2014,60,65,0.0,3,,95113,Cloudy,None
424,10/27/2014,58,65,0.0,2,,95113,Little Cloudy,None
425,10/28/2014,60,62,0.0,0,,95113,Clear,None
426,10/29/2014,64,60,0.0,1,,95113,Clear,None
427,10/30/2014,68,49,0.0,5,,95113,Very Cloudy,None
428,10/31/2014,58,86,0.51,7,Rain,95113,Overcast,Medium
429,11/1/2014,56,78,0.02,4,Rain,95113,Cloudy,None
430,11/2/2014,55,68,0.0,1,,95113,Clear,None
431,11/3/2014,56,60,0.0,3,,95113,Cloudy,None
432,11/4/2014,57,68,0.0,2,,95113,Little Cloudy,None
433,11/5/2014,62,58,0.0,2,,95113,Little Cloudy,None
434,11/6/2014,62,62,0.0,3,,95113,Cloudy,None
435,11/7/2014,60,79,0.0,3,Fog,95113,Cloudy,None
436,11/8/2014,62,70,0.0,3,,95113,Cloudy,None
437,11/9/2014,62,66,0.0,1,,95113,Clear,None
438,11/10/2014,60,77,0.0,3,Fog,95113,Cloudy,None
439,11/11/2014,59,69,0.0,6,,95113,Very Cloudy,None
440,11/12/2014,61,60,0.001,7,,95113,Overcast,None
441,11/13/2014,60,80,0.14,7,Rain,95113,Overcast,None
442,11/14/2014,59,78,0.0,4,,95113,Cloudy,None
443,11/15/2014,57,75,0.0,4,,95113,Cloudy,None
444,11/16/2014,55,53,0.0,5,,95113,Very Cloudy,None
445,11/17/2014,53,48,0.0,3,,95113,Cloudy,None
446,11/18/2014,55,51,0.0,5,,95113,Very Cloudy,None
447,11/19/2014,59,64,0.001,5,Rain,95113,Very Cloudy,None
448,11/20/2014,55,93,0.12,6,Rain,95113,Very Cloudy,None
449,11/21/2014,55,76,0.01,6,,95113,Very Cloudy,None
450,11/22/2014,57,84,0.01,6,Rain,95113,Very Cloudy,None
451,11/23/2014,55,64,0.0,2,,95113,Little Cloudy,None
452,11/24/2014,52,62,0.0,1,,95113,Clear,None
453,11/25/2014,54,52,0.0,1,,95113,Clear,None
454,11/26/2014,56,60,0.0,1,,95113,Clear,None
455,11/27/2014,56,62,0.0,2,,95113,Little Cloudy,None
456,11/28/2014,52,63,0.0,3,,95113,Cloudy,None
457,11/29/2014,56,86,0.71,7,Rain,95113,Overcast,Medium
458,11/30/2014,57,89,0.57,5,Rain,95113,Very Cloudy,Medium
459,12/1/2014,59,84,0.02,4,Fog,95113,Cloudy,None
460,12/2/2014,58,92,1.2,7,Fog-Rain,95113,Overcast,Pouring
461,12/3/2014,60,92,1.28,7,Rain,95113,Overcast,Pouring
462,12/4/2014,61,84,0.01,5,Rain,95113,Very Cloudy,None
463,12/5/2014,60,87,0.02,7,Rain,95113,Overcast,None
464,12/6/2014,62,78,0.02,6,Rain,95113,Very Cloudy,None
465,12/7/2014,58,84,0.0,5,Fog,95113,Very Cloudy,None
466,12/8/2014,60,75,0.0,4,,95113,Cloudy,None
467,12/9/2014,58,87,0.0,6,,95113,Very Cloudy,None
468,12/10/2014,58,83,0.0,6,,95113,Very Cloudy,None
469,12/11/2014,57,80,3.23,8,Rain,95113,Overcast,Heavy
470,12/12/2014,51,86,0.2,7,Rain,95113,Overcast,Light
471,12/13/2014,50,86,0.001,4,,95113,Cloudy,None
472,12/14/2014,52,74,0.05,5,Rain,95113,Very Cloudy,None
473,12/15/2014,53,89,0.65,7,Rain,95113,Overcast,Medium
474,12/16/2014,55,76,0.55,6,Rain,95113,Very Cloudy,Medium
475,12/17/2014,52,84,0.22,6,Rain,95113,Very Cloudy,Light
476,12/18/2014,56,72,0.0,6,,95113,Very Cloudy,None
477,12/19/2014,55,86,0.19,7,Rain,95113,Overcast,None
478,12/20/2014,58,82,0.06,8,Rain,95113,Overcast,None
479,12/21/2014,59,87,0.001,7,Rain,95113,Overcast,None
480,12/22/2014,58,86,0.0,5,,95113,Very Cloudy,None
481,12/23/2014,59,76,0.02,2,Fog,95113,Little Cloudy,None
482,12/24/2014,53,83,0.04,4,Fog-Rain,95113,Cloudy,None
483,12/25/2014,51,57,0.0,0,,95113,Clear,None
484,12/26/2014,49,53,0.0,0,,95113,Clear,None
485,12/27/2014,44,59,0.0,3,,95113,Cloudy,None
486,12/28/2014,47,67,0.0,2,,95113,Little Cloudy,None
487,12/29/2014,50,72,0.0,4,,95113,Cloudy,None
488,12/30/2014,45,51,0.0,1,,95113,Clear,None
489,12/31/2014,46,29,0.0,1,,95113,Clear,None
490,1/1/2015,42,46,0.0,0,,95113,Clear,None
491,1/2/2015,42,57,0.0,1,,95113,Clear,None
492,1/3/2015,43,63,0.0,1,,95113,Clear,None
493,1/4/2015,45,68,0.0,3,,95113,Cloudy,None
494,1/5/2015,48,68,0.0,4,,95113,Cloudy,None
495,1/6/2015,51,62,0.0,1,,95113,Clear,None
496,1/7/2015,54,63,0.0,2,,95113,Little Cloudy,None
497,1/8/2015,53,72,0.0,5,,95113,Very Cloudy,None
498,1/9/2015,57,69,0.0,5,,95113,Very Cloudy,None
499,1/10/2015,54,80,0.0,4,,95113,Cloudy,None
500,1/11/2015,50,92,0.0,6,Fog,95113,Very Cloudy,None
501,1/12/2015,51,80,0.01,2,,95113,Little Cloudy,None
502,1/13/2015,54,67,0.0,3,Fog,95113,Cloudy,None
503,1/14/2015,51,66,0.0,4,,95113,Cloudy,None
504,1/15/2015,51,72,0.0,4,,95113,Cloudy,None
505,1/16/2015,53,74,0.0,5,,95113,Very Cloudy,None
506,1/17/2015,54,85,0.0,6,,95113,Very Cloudy,None
507,1/18/2015,55,86,0.0,5,,95113,Very Cloudy,None
508,1/19/2015,53,84,0.01,6,,95113,Very Cloudy,None
509,1/20/2015,51,76,0.0,4,,95113,Cloudy,None
510,1/21/2015,50,69,0.0,1,,95113,Clear,None
511,1/22/2015,47,74,0.0,2,,95113,Little Cloudy,None
512,1/23/2015,52,63,0.0,0,,95113,Clear,None
513,1/24/2015,56,59,0.0,0,,95113,Clear,None
514,1/25/2015,51,69,0.0,1,,95113,Clear,None
515,1/26/2015,52,63,0.0,4,,95113,Cloudy,None
516,1/27/2015,59,57,0.001,6,,95113,Very Cloudy,None
517,1/28/2015,56,67,0.0,3,,95113,Cloudy,None
518,1/29/2015,54,78,0.0,4,Fog,95113,Cloudy,None
519,1/30/2015,57,68,0.0,4,,95113,Cloudy,None
520,1/31/2015,57,60,0.0,0,,95113,Clear,None
521,2/1/2015,53,53,0.001,5,,95113,Very Cloudy,None
522,2/2/2015,55,64,0.001,3,,95113,Cloudy,None
523,2/3/2015,60,65,0.0,4,,95113,Cloudy,None
524,2/4/2015,59,65,0.0,4,,95113,Cloudy,None
525,2/5/2015,60,68,0.0,5,,95113,Very Cloudy,None
526,2/6/2015,61,76,1.26,6,Rain,95113,Very Cloudy,Pouring
527,2/7/2015,63,86,0.03,6,Rain,95113,Very Cloudy,None
528,2/8/2015,61,86,0.39,6,Rain,95113,Very Cloudy,Light
529,2/9/2015,59,75,0.02,4,,95113,Cloudy,None
530,2/10/2015,54,75,0.0,3,,95113,Cloudy,None
531,2/11/2015,55,69,0.0,4,,95113,Cloudy,None
532,2/12/2015,58,68,0.0,3,,95113,Cloudy,None
533,2/13/2015,62,60,0.0,2,,95113,Little Cloudy,None
534,2/14/2015,60,64,0.0,1,,95113,Clear,None
535,2/15/2015,60,58,0.0,2,,95113,Little Cloudy,None
536,2/16/2015,60,69,0.0,3,,95113,Cloudy,None
537,2/17/2015,57,83,0.0,8,,95113,Overcast,None
538,2/18/2015,59,75,0.0,5,,95113,Very Cloudy,None
539,2/19/2015,60,78,0.0,6,,95113,Very Cloudy,None
540,2/20/2015,61,69,0.0,4,,95113,Cloudy,None
541,2/21/2015,58,58,0.0,2,,95113,Little Cloudy,None
542,2/22/2015,56,55,0.0,2,,95113,Little Cloudy,None
543,2/23/2015,54,31,0.0,1,,95113,Clear,None
544,2/24/2015,51,43,0.0,1,,95113,Clear,None
545,2/25/2015,54,60,0.0,2,,95113,Little Cloudy,None
546,2/26/2015,58,63,0.0,3,,95113,Cloudy,None
547,2/27/2015,57,72,0.0,4,,95113,Cloudy,None
548,2/28/2015,52,69,0.04,5,Rain,95113,Very Cloudy,None
549,3/1/2015,52,64,0.0,1,,95113,Clear,None
550,3/2/2015,52,69,0.05,4,Rain,95113,Cloudy,None
551,3/3/2015,52,69,0.0,1,,95113,Clear,None
552,3/4/2015,55,55,0.0,1,,95113,Clear,None
553,3/5/2015,59,51,0.0,0,,95113,Clear,None
554,3/6/2015,58,54,0.0,0,,95113,Clear,None
555,3/7/2015,60,54,0.0,0,,95113,Clear,None
556,3/8/2015,60,70,0.0,4,,95113,Cloudy,None
557,3/9/2015,62,68,0.0,5,,95113,Very Cloudy,None
558,3/10/2015,62,70,0.0,6,,95113,Very Cloudy,None
559,3/11/2015,62,71,0.1,6,Rain,95113,Very Cloudy,None
560,3/12/2015,62,68,0.0,5,,95113,Very Cloudy,None
561,3/13/2015,65,60,0.001,5,,95113,Very Cloudy,None
562,3/14/2015,72,49,0.0,4,,95113,Cloudy,None
563,3/15/2015,68,47,0.0,5,,95113,Very Cloudy,None
564,3/16/2015,63,60,0.0,6,,95113,Very Cloudy,None
565,3/17/2015,61,62,0.0,4,,95113,Cloudy,None
566,3/18/2015,60,61,0.0,1,,95113,Clear,None
567,3/19/2015,64,56,0.0,2,,95113,Little Cloudy,None
568,3/20/2015,60,54,0.0,5,,95113,Very Cloudy,None
569,3/21/2015,61,58,0.0,5,,95113,Very Cloudy,None
570,3/22/2015,63,63,0.001,6,Rain,95113,Very Cloudy,None
571,3/23/2015,60,68,0.04,6,Rain,95113,Very Cloudy,None
572,3/24/2015,59,66,0.0,5,,95113,Very Cloudy,None
573,3/25/2015,62,64,0.0,2,,95113,Little Cloudy,None
574,3/26/2015,69,55,0.0,0,,95113,Clear,None
575,3/27/2015,63,74,0.0,1,,95113,Clear,None
576,3/28/2015,64,56,0.0,2,,95113,Little Cloudy,None
577,3/29/2015,63,55,0.0,1,,95113,Clear,None
578,3/30/2015,61,70,0.0,3,,95113,Cloudy,None
579,3/31/2015,59,57,0.0,1,,95113,Clear,None
580,4/1/2015,56,53,0.0,2,,95113,Little Cloudy,None
581,4/2/2015,57,47,0.0,0,,95113,Clear,None
582,4/3/2015,59,43,0.0,0,,95113,Clear,None
583,4/4/2015,54,55,0.0,2,,95113,Little Cloudy,None
584,4/5/2015,53,60,0.0,4,,95113,Cloudy,None
585,4/6/2015,53,55,0.0,4,,95113,Cloudy,None
586,4/7/2015,54,70,0.0,5,Rain,95113,Very Cloudy,None
587,4/8/2015,56,57,0.0,4,,95113,Cloudy,None
588,4/9/2015,57,55,0.0,3,,95113,Cloudy,None
589,4/10/2015,58,58,0.0,2,,95113,Little Cloudy,None
590,4/11/2015,58,62,0.0,3,,95113,Cloudy,None
591,4/12/2015,63,60,0.0,1,,95113,Clear,None
592,4/13/2015,58,65,0.001,3,,95113,Cloudy,None
593,4/14/2015,57,43,0.0,1,,95113,Clear,None
594,4/15/2015,60,47,0.0,2,,95113,Little Cloudy,None
595,4/16/2015,64,44,0.0,0,,95113,Clear,None
596,4/17/2015,65,51,0.0,0,,95113,Clear,None
597,4/18/2015,63,65,0.0,2,,95113,Little Cloudy,None
598,4/19/2015,60,70,0.0,4,,95113,Cloudy,None
599,4/20/2015,62,69,0.0,5,,95113,Very Cloudy,None
600,4/21/2015,62,65,0.0,6,,95113,Very Cloudy,None
601,4/22/2015,62,65,0.0,4,,95113,Cloudy,None
602,4/23/2015,62,65,0.0,6,,95113,Very Cloudy,None
603,4/24/2015,59,57,0.001,4,Rain,95113,Cloudy,None
604,4/25/2015,58,74,0.33,6,Rain,95113,Very Cloudy,Light
605,4/26/2015,60,55,0.0,2,,95113,Little Cloudy,None
606,4/27/2015,68,57,0.0,2,,95113,Little Cloudy,None
607,4/28/2015,62,70,0.0,5,,95113,Very Cloudy,None
608,4/29/2015,62,67,0.0,1,,95113,Clear,None
609,4/30/2015,69,49,0.0,1,,95113,Clear,None
610,5/1/2015,71,56,0.0,1,,95113,Clear,None
611,5/2/2015,63,65,0.0,2,,95113,Little Cloudy,None
612,5/3/2015,61,66,0.0,2,,95113,Little Cloudy,None
613,5/4/2015,58,66,0.0,4,,95113,Cloudy,None
614,5/5/2015,60,62,0.0,1,,95113,Clear,None
615,5/6/2015,60,62,0.0,1,,95113,Clear,None
616,5/7/2015,54,67,0.03,5,Rain,95113,Very Cloudy,None
617,5/8/2015,62,62,0.0,2,,95113,Little Cloudy,None
618,5/9/2015,61,68,0.0,5,,95113,Very Cloudy,None
619,5/10/2015,61,66,0.0,5,,95113,Very Cloudy,None
620,5/11/2015,58,68,0.0,3,,95113,Cloudy,None
621,5/12/2015,56,56,0.0,4,,95113,Cloudy,None
622,5/13/2015,58,57,0.0,4,,95113,Cloudy,None
623,5/14/2015,61,60,0.47,7,Rain,95113,Overcast,Light
624,5/15/2015,59,68,0.0,5,,95113,Very Cloudy,None
625,5/16/2015,59,66,0.0,5,,95113,Very Cloudy,None
626,5/17/2015,60,64,0.0,6,,95113,Very Cloudy,None
627,5/18/2015,60,67,0.0,7,,95113,Overcast,None
628,5/19/2015,60,69,0.001,6,,95113,Very Cloudy,None
629,5/20/2015,61,62,0.0,6,,95113,Very Cloudy,None
630,5/21/2015,62,64,0.0,7,,95113,Overcast,None
631,5/22/2015,61,72,0.001,7,,95113,Overcast,None
632,5/23/2015,62,65,0.0,5,,95113,Very Cloudy,None
633,5/24/2015,61,64,0.0,2,,95113,Little Cloudy,None
634,5/25/2015,63,68,0.0,5,,95113,Very Cloudy,None
635,5/26/2015,63,68,0.0,5,,95113,Very Cloudy,None
636,5/27/2015,65,65,0.0,5,,95113,Very Cloudy,None
637,5/28/2015,62,72,0.0,6,,95113,Very Cloudy,None
638,5/29/2015,62,72,0.0,6,,95113,Very Cloudy,None
639,5/30/2015,63,70,0.0,6,,95113,Very Cloudy,None
640,5/31/2015,63,67,0.0,6,,95113,Very Cloudy,None
641,6/1/2015,65,64,0.0,5,,95113,Very Cloudy,None
642,6/2/2015,64,68,0.0,5,,95113,Very Cloudy,None
643,6/3/2015,63,62,0.0,4,,95113,Cloudy,None
644,6/4/2015,64,64,0.0,1,,95113,Clear,None
645,6/5/2015,66,68,0.0,2,,95113,Little Cloudy,None
646,6/6/2015,67,64,0.0,2,,95113,Little Cloudy,None
647,6/7/2015,71,63,0.0,3,,95113,Cloudy,None
648,6/8/2015,76,57,0.0,1,,95113,Clear,None
649,6/9/2015,73,64,0.001,6,,95113,Very Cloudy,None
650,6/10/2015,68,77,0.1,6,Rain,95113,Very Cloudy,None
651,6/11/2015,71,77,0.0,5,,95113,Very Cloudy,None
652,6/12/2015,72,65,0.0,0,,95113,Clear,None
653,6/13/2015,72,66,0.0,0,,95113,Clear,None
654,6/14/2015,65,66,0.0,2,,95113,Little Cloudy,None
655,6/15/2015,62,72,0.0,3,,95113,Cloudy,None
656,6/16/2015,65,68,0.0,2,,95113,Little Cloudy,None
657,6/17/2015,66,64,0.0,3,,95113,Cloudy,None
658,6/18/2015,64,62,0.0,1,,95113,Clear,None
659,6/19/2015,66,58,0.0,2,,95113,Little Cloudy,None
660,6/20/2015,68,64,0.0,4,,95113,Cloudy,None
661,6/21/2015,65,69,0.0,3,,95113,Cloudy,None
662,6/22/2015,63,70,0.0,2,,95113,Little Cloudy,None
663,6/23/2015,66,62,0.0,0,,95113,Clear,None
664,6/24/2015,68,62,0.0,0,,95113,Clear,None
665,6/25/2015,74,54,0.0,0,,95113,Clear,None
666,6/26/2015,73,64,0.0,2,,95113,Little Cloudy,None
667,6/27/2015,69,62,0.0,5,,95113,Very Cloudy,None
668,6/28/2015,68,74,0.0,4,,95113,Cloudy,None
669,6/29/2015,69,67,0.0,5,,95113,Very Cloudy,None
670,6/30/2015,77,58,0.0,4,,95113,Cloudy,None
671,7/1/2015,77,61,0.001,4,,95113,Cloudy,None
672,7/2/2015,71,71,0.0,5,,95113,Very Cloudy,None
673,7/3/2015,72,71,0.001,2,,95113,Little Cloudy,None
674,7/4/2015,71,72,0.0,3,,95113,Cloudy,None
675,7/5/2015,71,66,0.0,4,,95113,Cloudy,None
676,7/6/2015,70,67,0.0,5,,95113,Very Cloudy,None
677,7/7/2015,69,69,0.0,5,,95113,Very Cloudy,None
678,7/8/2015,67,69,0.0,5,,95113,Very Cloudy,None
679,7/9/2015,68,66,0.001,7,,95113,Overcast,None
680,7/10/2015,67,68,0.001,6,,95113,Very Cloudy,None
681,7/11/2015,67,66,0.0,3,,95113,Cloudy,None
682,7/12/2015,69,60,0.0,5,,95113,Very Cloudy,None
683,7/13/2015,69,67,0.0,4,,95113,Cloudy,None
684,7/14/2015,67,69,0.0,3,,95113,Cloudy,None
685,7/15/2015,72,59,0.0,3,,95113,Cloudy,None
686,7/16/2015,72,67,0.0,1,,95113,Clear,None
687,7/17/2015,70,67,0.0,2,,95113,Little Cloudy,None
688,7/18/2015,69,65,0.0,3,,95113,Cloudy,None
689,7/19/2015,77,56,0.001,5,Rain,95113,Very Cloudy,None
690,7/20/2015,76,61,0.0,3,,95113,Cloudy,None
691,7/21/2015,69,69,0.0,3,,95113,Cloudy,None
692,7/22/2015,68,69,0.0,1,,95113,Clear,None
693,7/23/2015,65,65,0.0,3,,95113,Cloudy,None
694,7/24/2015,67,60,0.0,0,,95113,Clear,None
695,7/25/2015,67,72,0.0,2,,95113,Little Cloudy,None
696,7/26/2015,70,66,0.0,3,,95113,Cloudy,None
697,7/27/2015,72,56,0.0,0,,95113,Clear,None
698,7/28/2015,77,49,0.0,0,,95113,Clear,None
699,7/29/2015,77,51,0.0,0,,95113,Clear,None
700,7/30/2015,72,72,0.0,3,,95113,Cloudy,None
701,7/31/2015,71,69,0.001,4,Rain,95113,Cloudy,None
702,8/1/2015,71,65,0.0,2,,95113,Little Cloudy,None
703,8/2/2015,70,67,0.0,5,,95113,Very Cloudy,None
704,8/3/2015,69,62,0.0,4,,95113,Cloudy,None
705,8/4/2015,67,63,0.0,4,,95113,Cloudy,None
706,8/5/2015,69,62,0.0,4,,95113,Cloudy,None
707,8/6/2015,70,70,0.02,5,Rain,95113,Very Cloudy,None
708,8/7/2015,72,62,0.0,1,,95113,Clear,None
709,8/8/2015,69,66,0.0,3,,95113,Cloudy,None
710,8/9/2015,68,62,0.0,2,,95113,Little Cloudy,None
711,8/10/2015,70,69,0.0,3,,95113,Cloudy,None
712,8/11/2015,71,67,0.02,4,,95113,Cloudy,None
713,8/12/2015,69,63,0.0,1,,95113,Clear,None
714,8/13/2015,72,63,0.0,3,,95113,Cloudy,None
715,8/14/2015,72,66,0.0,4,,95113,Cloudy,None
716,8/15/2015,76,52,0.0,4,,95113,Cloudy,None
717,8/16/2015,82,54,0.0,4,,95113,Cloudy,None
718,8/17/2015,77,57,0.0,1,,95113,Clear,None
719,8/18/2015,70,68,0.0,2,,95113,Little Cloudy,None
720,8/19/2015,69,67,0.001,4,,95113,Cloudy,None
721,8/20/2015,69,71,0.0,4,,95113,Cloudy,None
722,8/21/2015,70,67,0.0,3,,95113,Cloudy,None
723,8/22/2015,70,66,0.0,4,,95113,Cloudy,None
724,8/23/2015,69,72,0.0,6,,95113,Very Cloudy,None
725,8/24/2015,70,67,0.0,3,,95113,Cloudy,None
726,8/25/2015,70,71,0.0,4,,95113,Cloudy,None
727,8/26/2015,73,55,0.0,3,,95113,Cloudy,None
728,8/27/2015,78,48,0.0,3,,95113,Cloudy,None
729,8/28/2015,80,60,0.0,3,,95113,Cloudy,None
730,8/29/2015,72,70,0.0,4,,95113,Cloudy,None
731,8/30/2015,70,64,0.0,3,,95113,Cloudy,None
732,8/31/2015,72,58,0.0,1,,95113,Clear,None
733,9/1/2015,71,66,0.0,1,,95113,Clear,None
734,9/2/2015,68,68,0.001,2,Rain,95113,Little Cloudy,None
735,9/3/2015,66,64,0.0,1,,95113,Clear,None
736,9/4/2015,66,60,0.0,2,,95113,Little Cloudy,None
737,9/5/2015,67,56,0.0,1,,95113,Clear,None
738,9/6/2015,69,40,0.0,2,,95113,Little Cloudy,None
739,9/7/2015,75,32,0.0,1,,95113,Clear,None
740,9/8/2015,78,29,0.0,0,,95113,Clear,None
741,9/9/2015,81,29,0.0,0,,95113,Clear,None
742,9/10/2015,81,45,0.0,2,,95113,Little Cloudy,None
743,9/11/2015,76,53,0.0,4,,95113,Cloudy,None
744,9/12/2015,69,67,0.0,5,,95113,Very Cloudy,None
745,9/13/2015,71,66,0.0,5,,95113,Very Cloudy,None
746,9/14/2015,67,73,0.0,5,,95113,Very Cloudy,None
747,9/15/2015,65,61,0.001,4,,95113,Cloudy,None
748,9/16/2015,64,61,0.0,4,,95113,Cloudy,None
749,9/17/2015,67,66,0.0,3,,95113,Cloudy,None
750,9/18/2015,68,64,0.0,0,,95113,Clear,None
751,9/19/2015,72,55,0.0,0,,95113,Clear,None
752,9/20/2015,77,39,0.0,1,,95113,Clear,None
753,9/21/2015,81,45,0.0,1,,95113,Clear,None
754,9/22/2015,67,72,0.0,1,,95113,Clear,None
755,9/23/2015,68,57,0.0,1,,95113,Clear,None
756,9/24/2015,74,48,0.0,5,,95113,Very Cloudy,None
757,9/25/2015,74,54,0.0,3,,95113,Cloudy,None
758,9/26/2015,71,62,0.0,3,,95113,Cloudy,None
759,9/27/2015,70,68,0.0,5,,95113,Very Cloudy,None
760,9/28/2015,66,74,0.0,4,,95113,Cloudy,None
761,9/29/2015,64,70,0.001,6,,95113,Very Cloudy,None
762,9/30/2015,62,81,0.01,6,Rain,95113,Very Cloudy,None
763,10/1/2015,69,74,0.03,4,Rain,95113,Cloudy,None
764,10/2/2015,68,66,0.0,0,,95113,Clear,None
765,10/3/2015,66,67,0.0,1,,95113,Clear,None
766,10/4/2015,67,60,0.0,1,,95113,Clear,None
767,10/5/2015,69,62,0.0,1,,95113,Clear,None
768,10/6/2015,68,70,0.0,1,,95113,Clear,None
769,10/7/2015,70,65,0.0,5,,95113,Very Cloudy,None
770,10/8/2015,73,58,0.0,4,,95113,Cloudy,None
771,10/9/2015,70,58,0.0,1,,95113,Clear,None
772,10/10/2015,67,80,0.0,3,Fog,95113,Cloudy,None
773,10/11/2015,69,65,0.0,0,,95113,Clear,None
774,10/12/2015,72,62,0.0,0,,95113,Clear,None
775,10/13/2015,77,45,0.0,2,,95113,Little Cloudy,None
776,10/14/2015,73,54,0.0,4,,95113,Cloudy,None
777,10/15/2015,72,69,0.001,4,,95113,Cloudy,None
778,10/16/2015,70,68,0.001,4,,95113,Cloudy,None
779,10/17/2015,67,73,0.0,6,,95113,Very Cloudy,None
780,10/18/2015,64,73,0.001,6,,95113,Very Cloudy,None
781,10/19/2015,65,74,0.001,6,Rain,95113,Very Cloudy,None
782,10/20/2015,67,61,0.0,1,,95113,Clear,None
783,10/21/2015,67,54,0.0,0,,95113,Clear,None
784,10/22/2015,65,64,0.0,1,,95113,Clear,None
785,10/23/2015,67,61,0.0,3,,95113,Cloudy,None
786,10/24/2015,66,63,0.0,4,,95113,Cloudy,None
787,10/25/2015,66,73,0.0,2,,95113,Little Cloudy,None
788,10/26/2015,67,66,0.0,5,,95113,Very Cloudy,None
789,10/27/2015,63,71,0.01,6,Rain,95113,Very Cloudy,None
790,10/28/2015,65,73,0.01,5,,95113,Very Cloudy,None
791,10/29/2015,63,62,0.0,1,,95113,Clear,None
792,10/30/2015,65,52,0.0,0,,95113,Clear,None
793,10/31/2015,69,58,0.0,2,,95113,Little Cloudy,None
794,11/1/2015,64,75,0.0,4,,95113,Cloudy,None
795,11/2/2015,58,78,1.13,7,Rain,95113,Overcast,Pouring
796,11/3/2015,55,67,0.001,2,,95113,Little Cloudy,None
797,11/4/2015,54,59,0.0,1,,95113,Clear,None
798,11/5/2015,55,51,0.001,3,,95113,Cloudy,None
799,11/6/2015,55,63,0.0,1,,95113,Clear,None
800,11/7/2015,56,61,0.0,1,,95113,Clear,None
801,11/8/2015,53,76,0.04,5,Rain,95113,Very Cloudy,None
802,11/9/2015,52,86,0.43,5,Rain-Thunderstorm,95113,Very Cloudy,Light
803,11/10/2015,51,79,0.01,3,Rain,95113,Cloudy,None
804,11/11/2015,53,68,0.0,0,,95113,Clear,None
805,11/12/2015,52,68,0.0,0,Rain,95113,Clear,None
806,11/13/2015,54,68,0.0,0,,95113,Clear,None
807,11/14/2015,54,69,0.0,0,,95113,Clear,None
808,11/15/2015,54,74,0.45,5,Rain,95113,Very Cloudy,Light
809,11/16/2015,53,50,0.0,0,,95113,Clear,None
810,11/17/2015,54,71,0.0,2,,95113,Little Cloudy,None
811,11/18/2015,55,80,0.0,3,,95113,Cloudy,None
812,11/19/2015,57,74,0.0,1,,95113,Clear,None
813,11/20/2015,60,69,0.0,2,,95113,Little Cloudy,None
814,11/21/2015,59,75,0.0,5,Fog,95113,Very Cloudy,None
815,11/22/2015,59,65,0.0,4,,95113,Cloudy,None
816,11/23/2015,53,81,0.0,3,,95113,Cloudy,None
817,11/24/2015,51,72,0.09,6,Rain,95113,Very Cloudy,None
818,11/25/2015,47,71,0.27,4,Rain,95113,Cloudy,Light
819,11/26/2015,45,60,0.0,1,,95113,Clear,None
820,11/27/2015,46,54,0.0,1,,95113,Clear,None
821,11/28/2015,45,57,0.0,0,,95113,Clear,None
822,11/29/2015,46,58,0.0,1,,95113,Clear,None
823,11/30/2015,45,66,0.001,4,Rain,95113,Cloudy,None
824,12/1/2015,49,59,0.0,3,,95113,Cloudy,None
825,12/2/2015,51,59,0.0,4,,95113,Cloudy,None
826,12/3/2015,52,74,0.11,5,Rain,95113,Very Cloudy,None
827,12/4/2015,51,74,0.0,2,,95113,Little Cloudy,None
828,12/5/2015,50,75,0.0,5,,95113,Very Cloudy,None
829,12/6/2015,60,60,0.0,5,,95113,Very Cloudy,None
830,12/7/2015,58,84,0.0,6,,95113,Very Cloudy,None
831,12/8/2015,56,84,0.0,6,,95113,Very Cloudy,None
832,12/9/2015,63,71,0.0,6,,95113,Very Cloudy,None
833,12/10/2015,57,69,0.15,7,Rain,95113,Overcast,None
834,12/11/2015,53,72,0.13,5,Rain,95113,Very Cloudy,None
835,12/12/2015,50,67,0.0,4,,95113,Cloudy,None
836,12/13/2015,51,78,0.34,7,Rain-Thunderstorm,95113,Overcast,Light
837,12/14/2015,46,64,0.0,2,,95113,Little Cloudy,None
838,12/15/2015,48,58,0.0,0,,95113,Clear,None
839,12/16/2015,50,53,0.0,1,,95113,Clear,None
840,12/17/2015,49,67,0.0,3,,95113,Cloudy,None
841,12/18/2015,51,73,0.13,5,Rain,95113,Very Cloudy,None
842,12/19/2015,49,78,0.16,6,Rain,95113,Very Cloudy,None
843,12/20/2015,46,76,0.001,5,Rain,95113,Very Cloudy,None
844,12/21/2015,56,88,0.49,8,Rain,95113,Overcast,Light
845,12/22/2015,57,84,0.27,7,Rain,95113,Overcast,Light
846,12/23/2015,51,62,0.001,2,,95113,Little Cloudy,None
847,12/24/2015,47,82,0.3,6,Rain,95113,Very Cloudy,Light
848,12/25/2015,43,77,0.0,2,,95113,Little Cloudy,None
849,12/26/2015,46,52,0.0,0,,95113,Clear,None
850,12/27/2015,40,66,0.001,5,Rain,95113,Very Cloudy,None
851,12/28/2015,44,78,0.15,5,Rain,95113,Very Cloudy,None
852,12/29/2015,44,67,0.0,1,,95113,Clear,None
853,12/30/2015,45,67,0.001,4,,95113,Cloudy,None
854,12/31/2015,46,67,0.0,2,,95113,Little Cloudy,None
855,1/1/2016,42,66,0.0,4,,95113,Cloudy,None
856,1/2/2016,48,63,0.0,5,,95113,Very Cloudy,None
857,1/3/2016,49,71,0.001,6,Rain,95113,Very Cloudy,None
858,1/4/2016,55,71,0.01,7,Rain,95113,Overcast,None
859,1/5/2016,53,85,0.97,7,Rain,95113,Overcast,Medium
860,1/6/2016,51,82,0.62,7,Rain,95113,Overcast,Medium
861,1/7/2016,50,77,0.03,4,Rain,95113,Cloudy,None
862,1/8/2016,47,77,0.001,5,,95113,Very Cloudy,None
863,1/9/2016,53,75,0.01,8,Rain,95113,Overcast,None
864,1/10/2016,52,86,0.01,7,,95113,Overcast,None
865,1/11/2016,56,72,0.001,6,,95113,Very Cloudy,None
866,1/12/2016,55,73,0.001,5,,95113,Very Cloudy,None
867,1/13/2016,54,71,0.08,6,Rain,95113,Very Cloudy,None
868,1/14/2016,50,76,0.01,6,Rain,95113,Very Cloudy,None
869,1/15/2016,58,64,0.16,5,Rain,95113,Very Cloudy,None
870,1/16/2016,58,83,0.12,6,Rain,95113,Very Cloudy,None
871,1/17/2016,59,86,0.39,7,Rain,95113,Overcast,Light
872,1/18/2016,59,80,0.58,6,Rain,95113,Very Cloudy,Medium
873,1/19/2016,60,86,0.44,7,Rain,95113,Overcast,Light
874,1/20/2016,58,76,0.0,5,,95113,Very Cloudy,None
875,1/21/2016,59,68,0.001,5,,95113,Very Cloudy,None
876,1/22/2016,60,73,0.42,7,Fog-Rain,95113,Overcast,Light
877,1/23/2016,54,76,0.06,5,Rain,95113,Very Cloudy,None
878,1/24/2016,52,75,0.0,5,,95113,Very Cloudy,None
879,1/25/2016,53,76,0.0,4,,95113,Cloudy,None
880,1/26/2016,55,75,0.0,4,,95113,Cloudy,None
881,1/27/2016,56,67,0.0,3,,95113,Cloudy,None
882,1/28/2016,53,74,0.0,5,,95113,Very Cloudy,None
883,1/29/2016,62,76,0.05,7,Rain,95113,Overcast,None
884,1/30/2016,55,72,0.03,7,Rain,95113,Overcast,None
885,1/31/2016,51,68,0.1,5,Rain,95113,Very Cloudy,None
886,2/1/2016,48,52,0.001,1,Rain,95113,Clear,None
887,2/2/2016,48,70,0.05,4,Rain,95113,Cloudy,None
888,2/3/2016,49,66,0.0,5,,95113,Very Cloudy,None
889,2/4/2016,54,67,0.0,4,,95113,Cloudy,None
890,2/5/2016,53,69,0.0,2,,95113,Little Cloudy,None
891,2/6/2016,53,72,0.0,2,,95113,Little Cloudy,None
892,2/7/2016,60,56,0.001,0,,95113,Clear,None
893,2/8/2016,62,57,0.0,0,,95113,Clear,None
894,2/9/2016,61,58,0.0,3,,95113,Cloudy,None
895,2/10/2016,59,63,0.0,4,,95113,Cloudy,None
896,2/11/2016,60,65,0.0,4,,95113,Cloudy,None
897,2/12/2016,59,71,0.0,5,,95113,Very Cloudy,None
898,2/13/2016,60,78,0.0,5,Fog,95113,Very Cloudy,None
899,2/14/2016,58,70,0.0,3,,95113,Cloudy,None
900,2/15/2016,64,66,0.0,1,,95113,Clear,None
901,2/16/2016,65,61,0.0,3,,95113,Cloudy,None
902,2/17/2016,60,64,0.15,6,Rain,95113,Very Cloudy,None
903,2/18/2016,56,66,0.11,5,Rain,95113,Very Cloudy,None
904,2/19/2016,53,71,0.0,5,,95113,Very Cloudy,None
905,2/20/2016,55,75,0.0,6,,95113,Very Cloudy,None
906,2/21/2016,54,69,0.0,2,,95113,Little Cloudy,None
907,2/22/2016,57,67,0.0,4,,95113,Cloudy,None
908,2/23/2016,60,53,0.0,3,,95113,Cloudy,None
909,2/24/2016,59,54,0.0,3,,95113,Cloudy,None
910,2/25/2016,62,55,0.0,1,,95113,Clear,None
911,2/26/2016,61,65,0.0,5,,95113,Very Cloudy,None
912,2/27/2016,62,62,0.0,5,,95113,Very Cloudy,None
913,2/28/2016,57,63,0.0,5,,95113,Very Cloudy,None
914,2/29/2016,65,71,0.0,6,,95113,Very Cloudy,None
915,3/1/2016,63,53,0.0,2,,95113,Little Cloudy,None
916,3/2/2016,63,59,0.001,5,,95113,Very Cloudy,None
917,3/3/2016,63,73,0.001,8,Rain,95113,Overcast,None
918,3/4/2016,63,81,0.26,7,Rain,95113,Overcast,Light
919,3/5/2016,61,81,1.2,7,Rain,95113,Overcast,Pouring
920,3/6/2016,56,70,0.73,6,Rain,95113,Very Cloudy,Medium
921,3/7/2016,53,73,0.63,7,Rain,95113,Overcast,Medium
922,3/8/2016,51,74,0.01,5,Rain,95113,Very Cloudy,None
923,3/9/2016,62,73,0.02,7,Rain,95113,Overcast,None
924,3/10/2016,63,70,0.001,5,Rain,95113,Very Cloudy,None
925,3/11/2016,56,76,0.23,7,Rain,95113,Overcast,Light
926,3/12/2016,53,73,0.03,6,Rain,95113,Very Cloudy,None
927,3/13/2016,58,86,0.5,8,Rain,95113,Overcast,Medium
928,3/14/2016,56,70,0.01,6,Rain,95113,Very Cloudy,None
929,3/15/2016,55,63,0.0,2,,95113,Little Cloudy,None
930,3/16/2016,57,61,0.0,1,,95113,Clear,None
931,3/17/2016,62,66,0.0,0,,95113,Clear,None
932,3/18/2016,60,74,0.0,5,,95113,Very Cloudy,None
933,3/19/2016,63,69,0.0,6,,95113,Very Cloudy,None
934,3/20/2016,62,71,0.04,5,Rain,95113,Very Cloudy,None
935,3/21/2016,58,75,0.2,6,Rain,95113,Very Cloudy,Light
936,3/22/2016,55,70,0.06,3,Rain,95113,Cloudy,None
937,3/23/2016,56,63,0.0,3,,95113,Cloudy,None
938,3/24/2016,57,67,0.0,2,,95113,Little Cloudy,None
939,3/25/2016,59,70,0.0,2,,95113,Little Cloudy,None
940,3/26/2016,60,62,0.0,3,,95113,Cloudy,None
941,3/27/2016,60,67,0.0,5,,95113,Very Cloudy,None
942,3/28/2016,54,54,0.04,3,Rain,95113,Cloudy,None
943,3/29/2016,54,57,0.001,1,,95113,Clear,None
944,3/30/2016,55,64,0.0,1,,95113,Clear,None
945,3/31/2016,60,66,0.0,4,,95113,Cloudy,None
946,4/1/2016,56,69,0.0,2,,95113,Little Cloudy,None
947,4/2/2016,63,68,0.0,6,,95113,Very Cloudy,None
948,4/3/2016,61,68,0.0,6,,95113,Very Cloudy,None
949,4/4/2016,62,59,0.0,3,,95113,Cloudy,None
950,4/5/2016,66,52,0.0,1,,95113,Clear,None
951,4/6/2016,71,44,0.0,3,,95113,Cloudy,None
952,4/7/2016,69,49,0.0,5,,95113,Very Cloudy,None
953,4/8/2016,62,83,0.39,7,Rain,95113,Overcast,Light
954,4/9/2016,62,83,0.35,8,Rain,95113,Overcast,Light
955,4/10/2016,58,84,0.24,8,Rain,95113,Overcast,Light
956,4/11/2016,62,71,0.001,7,,95113,Overcast,None
957,4/12/2016,57,75,0.0,7,,95113,Overcast,None
958,4/13/2016,59,66,0.0,3,,95113,Cloudy,None
959,4/14/2016,58,66,0.07,5,Rain,95113,Very Cloudy,None
960,4/15/2016,60,57,0.0,2,,95113,Little Cloudy,None
961,4/16/2016,65,52,0.0,1,,95113,Clear,None
962,4/17/2016,70,40,0.0,1,,95113,Clear,None
963,4/18/2016,72,35,0.0,3,,95113,Cloudy,None
964,4/19/2016,69,37,0.0,4,,95113,Cloudy,None
965,4/20/2016,65,47,0.0,3,,95113,Cloudy,None
966,4/21/2016,67,64,0.001,6,,95113,Very Cloudy,None
967,4/22/2016,59,71,0.42,7,Rain,95113,Overcast,Light
968,4/23/2016,58,64,0.0,3,,95113,Cloudy,None
969,4/24/2016,60,61,0.0,5,,95113,Very Cloudy,None
970,4/25/2016,57,51,0.0,1,,95113,Clear,None
971,4/26/2016,57,61,0.0,5,,95113,Very Cloudy,None
972,4/27/2016,56,64,0.06,6,Rain,95113,Very Cloudy,None
973,4/28/2016,61,59,0.0,3,,95113,Cloudy,None
974,4/29/2016,61,63,0.0,4,,95113,Cloudy,None
975,4/30/2016,64,52,0.0,0,,95113,Clear,None
976,5/1/2016,69,49,0.0,1,,95113,Clear,None
977,5/2/2016,63,68,0.0,3,,95113,Cloudy,None
978,5/3/2016,64,64,0.0,7,,95113,Overcast,None
979,5/4/2016,64,70,0.0,7,,95113,Overcast,None
980,5/5/2016,63,62,0.0,7,,95113,Overcast,None
981,5/6/2016,58,76,0.17,7,Rain,95113,Overcast,None
982,5/7/2016,60,75,0.01,6,Rain,95113,Very Cloudy,None
983,5/8/2016,64,72,0.001,6,,95113,Very Cloudy,None
984,5/9/2016,64,73,0.001,5,Rain,95113,Very Cloudy,None
985,5/10/2016,66,70,0.0,5,,95113,Very Cloudy,None
986,5/11/2016,63,73,0.0,4,,95113,Cloudy,None
987,5/12/2016,64,69,0.0,6,,95113,Very Cloudy,None
988,5/13/2016,62,67,0.0,5,,95113,Very Cloudy,None
989,5/14/2016,63,64,0.0,5,,95113,Very Cloudy,None
990,5/15/2016,66,67,0.0,4,,95113,Cloudy,None
991,5/16/2016,67,61,0.0,2,,95113,Little Cloudy,None
992,5/17/2016,73,51,0.0,1,,95113,Clear,None
993,5/18/2016,74,51,0.0,2,,95113,Little Cloudy,None
994,5/19/2016,64,62,0.0,4,,95113,Cloudy,None
995,5/20/2016,59,55,0.001,4,,95113,Cloudy,None
996,5/21/2016,58,62,0.14,6,Rain,95113,Very Cloudy,None
997,5/22/2016,59,67,0.001,5,,95113,Very Cloudy,None
998,5/23/2016,60,64,0.0,4,,95113,Cloudy,None
999,5/24/2016,63,64,0.0,5,,95113,Very Cloudy,None
1000,5/25/2016,64,63,0.0,4,,95113,Cloudy,None
1001,5/26/2016,64,59,0.0,1,,95113,Clear,None
1002,5/27/2016,67,64,0.0,2,,95113,Little Cloudy,None
1003,5/28/2016,74,50,0.0,3,,95113,Cloudy,None
1004,5/29/2016,69,59,0.0,1,,95113,Clear,None
1005,5/30/2016,69,63,0.0,1,,95113,Clear,None
1006,5/31/2016,74,58,0.0,1,,95113,Clear,None
1007,6/1/2016,71,63,0.0,3,,95113,Cloudy,None
1008,6/2/2016,71,64,0.0,1,,95113,Clear,None
1009,6/3/2016,78,51,0.0,3,,95113,Cloudy,None
1010,6/4/2016,75,59,0.0,4,,95113,Cloudy,None
1011,6/5/2016,74,56,0.0,3,,95113,Cloudy,None
1012,6/6/2016,67,69,0.0,4,,95113,Cloudy,None
1013,6/7/2016,69,67,0.0,6,,95113,Very Cloudy,None
1014,6/8/2016,67,67,0.0,6,,95113,Very Cloudy,None
1015,6/9/2016,66,68,0.0,5,,95113,Very Cloudy,None
1016,6/10/2016,65,62,0.0,3,,95113,Cloudy,None
1017,6/11/2016,70,53,0.0,3,,95113,Cloudy,None
1018,6/12/2016,72,55,0.0,1,,95113,Clear,None
1019,6/13/2016,67,61,0.0,2,,95113,Little Cloudy,None
1020,6/14/2016,63,52,0.0,3,Rain,95113,Cloudy,None
1021,6/15/2016,61,52,0.0,2,,95113,Little Cloudy,None
1022,6/16/2016,65,58,0.0,2,,95113,Little Cloudy,None
1023,6/17/2016,69,62,0.001,4,,95113,Cloudy,None
1024,6/18/2016,68,58,0.0,2,,95113,Little Cloudy,None
1025,6/19/2016,73,47,0.0,3,,95113,Cloudy,None
1026,6/20/2016,72,49,0.0,2,,95113,Little Cloudy,None
1027,6/21/2016,75,50,0.0,1,,95113,Clear,None
1028,6/22/2016,66,63,0.0,0,,95113,Clear,None
1029,6/23/2016,68,58,0.0,0,,95113,Clear,None
1030,6/24/2016,69,58,0.0,0,,95113,Clear,None
1031,6/25/2016,75,56,0.0,0,,95113,Clear,None
1032,6/26/2016,74,51,0.0,1,,95113,Clear,None
1033,6/27/2016,73,57,0.0,0,,95113,Clear,None
1034,6/28/2016,72,61,0.0,0,,95113,Clear,None
1035,6/29/2016,65,72,0.0,1,,95113,Clear,None
1036,6/30/2016,71,59,0.0,0,,95113,Clear,None
1037,7/1/2016,69,62,0.0,0,,95113,Clear,None
1038,7/2/2016,68,60,0.0,0,,95113,Clear,None
1039,7/3/2016,69,60,0.001,0,,95113,Clear,None
1040,7/4/2016,68,63,0.0,1,,95113,Clear,None
1041,7/5/2016,67,62,0.0,3,,95113,Cloudy,None
1042,7/6/2016,65,65,0.0,1,,95113,Clear,None
1043,7/7/2016,65,65,0.0,3,,95113,Cloudy,None
1044,7/8/2016,69,62,0.0,5,,95113,Very Cloudy,None
1045,7/9/2016,70,61,0.0,4,,95113,Cloudy,None
1046,7/10/2016,67,51,0.0,0,,95113,Clear,None
1047,7/11/2016,71,55,0.0,1,,95113,Clear,None
1048,7/12/2016,68,64,0.0,0,,95113,Clear,None
1049,7/13/2016,62,53,0.0,0,,95113,Clear,None
1050,7/14/2016,73,62,0.0,0,,95113,Clear,None
1051,7/15/2016,69,61,0.0,3,,95113,Cloudy,None
1052,7/16/2016,70,58,0.0,1,,95113,Clear,None
1053,7/17/2016,68,61,0.0,1,,95113,Clear,None
1054,7/18/2016,66,66,0.0,3,,95113,Cloudy,None
1055,7/19/2016,66,63,0.0,2,,95113,Little Cloudy,None
1056,7/20/2016,68,62,0.0,0,,95113,Clear,None
1057,7/21/2016,68,60,0.0,2,,95113,Little Cloudy,None
1058,7/22/2016,71,52,0.0,1,,95113,Clear,None
1059,7/23/2016,74,54,0.0,0,,95113,Clear,None
1060,7/24/2016,72,58,0.0,1,,95113,Clear,None
1061,7/25/2016,70,61,0.0,2,,95113,Little Cloudy,None
1062,7/26/2016,78,52,0.0,4,,95113,Cloudy,None
1063,7/27/2016,78,58,0.0,5,,95113,Very Cloudy,None
1064,7/28/2016,74,62,0.0,3,,95113,Cloudy,None
1065,7/29/2016,72,64,0.0,2,,95113,Little Cloudy,None
1066,7/30/2016,71,69,0.0,3,,95113,Cloudy,None
1067,7/31/2016,69,66,0.0,3,,95113,Cloudy,None
1068,8/1/2016,69,63,0.0,4,,95113,Cloudy,None
1069,8/2/2016,69,61,0.0,0,,95113,Clear,None
1070,8/3/2016,70,65,0.0,0,,95113,Clear,None
1071,8/4/2016,66,70,0.0,4,,95113,Cloudy,None
1072,8/5/2016,68,63,0.0,4,,95113,Cloudy,None
1073,8/6/2016,67,67,0.0,4,,95113,Cloudy,None
1074,8/7/2016,67,64,0.0,2,,95113,Little Cloudy,None
1075,8/8/2016,69,60,0.0,1,,95113,Clear,None
1076,8/9/2016,71,59,0.0,2,,95113,Little Cloudy,None
1077,8/10/2016,70,60,0.001,1,,95113,Clear,None
1078,8/11/2016,69,63,0.0,1,,95113,Clear,None
1079,8/12/2016,70,65,0.0,2,,95113,Little Cloudy,None
1080,8/13/2016,74,58,0.0,2,,95113,Little Cloudy,None
1081,8/14/2016,73,64,0.0,4,,95113,Cloudy,None
1082,8/15/2016,70,67,0.0,4,,95113,Cloudy,None
1083,8/16/2016,71,62,0.0,4,,95113,Cloudy,None
1084,8/17/2016,71,63,0.0,2,,95113,Little Cloudy,None
1085,8/18/2016,71,64,0.0,2,,95113,Little Cloudy,None
1086,8/19/2016,68,67,0.0,1,,95113,Clear,None
1087,8/20/2016,69,69,0.0,2,,95113,Little Cloudy,None
1088,8/21/2016,69,66,0.0,5,,95113,Very Cloudy,None
1089,8/22/2016,69,65,0.0,3,,95113,Cloudy,None
1090,8/23/2016,71,63,0.0,4,,95113,Cloudy,None
1091,8/24/2016,69,66,0.0,3,,95113,Cloudy,None
1092,8/25/2016,68,67,0.0,4,,95113,Cloudy,None
1093,8/26/2016,71,65,0.0,4,,95113,Cloudy,None
1094,8/27/2016,70,59,0.0,4,,95113,Cloudy,None
1095,8/28/2016,70,65,0.0,4,,95113,Cloudy,None
1096,8/29/2016,68,64,0.0,6,,95113,Very Cloudy,None
1097,8/30/2016,70,60,0.0,2,,95113,Little Cloudy,None
1098,8/31/2016,69,64,0.0,1,,95113,Clear,None
